
                           Design Compiler Graphical 
                                 DC Ultra (TM)
                                  DFTMAX (TM)
                              Power Compiler (TM)
                                 DesignWare (R)
                                 DC Expert (TM)
                               Design Vision (TM)
                               HDL Compiler (TM)
                               VHDL Compiler (TM)
                                  DFT Compiler
                               Design Compiler(R)

                 Version U-2022.12 for linux64 - Nov 22, 2022 

                    Copyright (c) 1988 - 2022 Synopsys, Inc.
   This software and the associated documentation are proprietary to Synopsys,
 Inc. This software may only be used in accordance with the terms and conditions
 of a written license agreement with Synopsys, Inc. All other use, reproduction,
   or distribution of this software is strictly prohibited.  Licensed Products
     communicate with Synopsys servers for the purpose of providing software
    updates, detecting software piracy and verifying that customers are using
    Licensed Products in conformity with the applicable License Key for such
  Licensed Products. Synopsys will use information gathered in connection with
    this process to deliver software updates and pursue software pirates and
                                   infringers.

 Inclusivity & Diversity - Visit SolvNetPlus to read the "Synopsys Statement on
            Inclusivity and Diversity" (Refer to article 000036315 at
                        https://solvnetplus.synopsys.com)
Initializing...
sh mkdir -p Netlist
sh mkdir -p Report
# Read Design
set fp [open "../01_RTL/rtl.f" r]
file14
set file_content [read $fp]
../01_RTL/CHIP.v
../01_RTL/CORDIC.v
../01_RTL/CSD_ROM_Table.v
../01_RTL/MAC.v
../01_RTL/PE.v
../01_RTL/RegFile.v
../01_RTL/ROM_Wrapper.v
close $fp
# 使用 split 將換行符號切割，並過濾掉可能的空白行
set files ""
foreach line [split $file_content "\n"] {
    set clean_line [string trim $line]
    if {$clean_line != ""} {
        lappend files $clean_line
    }
}
read_file -format verilog $files
Loading db file '/home/raid7_2/userb12/b12166/chip_v2/05_APR/Verilog/fsa0m_a_generic_core_tt1p8v25c.db'
Loading db file '/home/raid7_2/userb12/b12166/chip_v2/05_APR/Verilog/fsa0m_a_generic_core_ss1p62v125c.db'
Loading db file '/home/raid7_2/userb12/b12166/chip_v2/05_APR/Verilog/fsa0m_a_generic_core_ff1p98vm40c.db'
Loading db file '/home/raid7_2/userb12/b12166/chip_v2/05_APR/Verilog/fsa0m_a_t33_generic_io_tt1p8v25c.db'
Loading db file '/home/raid7_2/userb12/b12166/chip_v2/05_APR/Verilog/fsa0m_a_t33_generic_io_ss1p62v125c.db'
Loading db file '/home/raid7_2/userb12/b12166/chip_v2/05_APR/Verilog/fsa0m_a_t33_generic_io_ff1p98vm40c.db'
Loading db file '/usr/cad/synopsys/synthesis/cur/libraries/syn/gtech.db'
Loading db file '/usr/cad/synopsys/synthesis/cur/libraries/syn/standard.sldb'
  Loading link library 'fsa0m_a_generic_core_tt1p8v25c'
  Loading link library 'fsa0m_a_generic_core_ss1p62v125c'
  Loading link library 'fsa0m_a_generic_core_ff1p98vm40c'
  Loading link library 'fsa0m_a_t33_generic_io_tt1p8v25c'
  Loading link library 'fsa0m_a_t33_generic_io_ss1p62v125c'
  Loading link library 'fsa0m_a_t33_generic_io_ff1p98vm40c'
  Loading link library 'gtech'
Loading verilog files: '/home/raid7_2/userb12/b12166/chip_v2/01_RTL/CHIP.v' '/home/raid7_2/userb12/b12166/chip_v2/01_RTL/CORDIC.v' '/home/raid7_2/userb12/b12166/chip_v2/01_RTL/CSD_ROM_Table.v' '/home/raid7_2/userb12/b12166/chip_v2/01_RTL/MAC.v' '/home/raid7_2/userb12/b12166/chip_v2/01_RTL/PE.v' '/home/raid7_2/userb12/b12166/chip_v2/01_RTL/RegFile.v' '/home/raid7_2/userb12/b12166/chip_v2/01_RTL/ROM_Wrapper.v' 
Detecting input file type automatically (-rtl or -netlist).
Reading with Presto HDL Compiler (equivalent to -rtl option).
Running PRESTO HDLC
Compiling source file /home/raid7_2/userb12/b12166/chip_v2/01_RTL/CHIP.v
Compiling source file /home/raid7_2/userb12/b12166/chip_v2/01_RTL/CORDIC.v
Compiling source file /home/raid7_2/userb12/b12166/chip_v2/01_RTL/CSD_ROM_Table.v
Compiling source file /home/raid7_2/userb12/b12166/chip_v2/01_RTL/MAC.v
Compiling source file /home/raid7_2/userb12/b12166/chip_v2/01_RTL/PE.v
Compiling source file /home/raid7_2/userb12/b12166/chip_v2/01_RTL/RegFile.v
Compiling source file /home/raid7_2/userb12/b12166/chip_v2/01_RTL/ROM_Wrapper.v
Warning:  /home/raid7_2/userb12/b12166/chip_v2/01_RTL/CHIP.v:62: signed to unsigned part selection occurs. (VER-318)
Warning:  /home/raid7_2/userb12/b12166/chip_v2/01_RTL/CHIP.v:323: unsigned to signed assignment occurs. (VER-318)
Warning:  /home/raid7_2/userb12/b12166/chip_v2/01_RTL/CHIP.v:324: unsigned to signed assignment occurs. (VER-318)
Warning:  /home/raid7_2/userb12/b12166/chip_v2/01_RTL/CHIP.v:326: signed to unsigned conversion occurs. (VER-318)
Warning:  /home/raid7_2/userb12/b12166/chip_v2/01_RTL/CHIP.v:327: signed to unsigned conversion occurs. (VER-318)

Statistics for case statements in always block at line 202 in file
	'/home/raid7_2/userb12/b12166/chip_v2/01_RTL/CHIP.v'
===============================================
|           Line           |  full/ parallel  |
===============================================
|           226            |     no/auto      |
|           306            |    auto/auto     |
===============================================

Inferred memory devices in process
	in routine CHIP line 77 in file
		'/home/raid7_2/userb12/b12166/chip_v2/01_RTL/CHIP.v'.
===============================================================================
|    Register Name    |   Type    | Width | Bus | MB | AR | AS | SR | SS | ST |
===============================================================================
|   pe_done_d2_reg    | Flip-flop |   1   |  N  | N  | Y  | N  | N  | N  | N  |
|    g_cnt_d2_reg     | Flip-flop |   3   |  Y  | N  | Y  | N  | N  | N  | N  |
|   pe_done_d1_reg    | Flip-flop |   1   |  N  | N  | Y  | N  | N  | N  | N  |
|    g_cnt_d1_reg     | Flip-flop |   3   |  Y  | N  | Y  | N  | N  | N  | N  |
|    g_cnt_d3_reg     | Flip-flop |   3   |  Y  | N  | Y  | N  | N  | N  | N  |
|   pe_clear_d1_reg   | Flip-flop |   1   |  N  | N  | Y  | N  | N  | N  | N  |
| mac_valid_out_r_reg | Flip-flop |   1   |  N  | N  | Y  | N  | N  | N  | N  |
===============================================================================

Inferred memory devices in process
	in routine CHIP line 117 in file
		'/home/raid7_2/userb12/b12166/chip_v2/01_RTL/CHIP.v'.
===============================================================================
|    Register Name    |   Type    | Width | Bus | MB | AR | AS | SR | SS | ST |
===============================================================================
|     c_start_reg     | Flip-flop |   1   |  N  | N  | Y  | N  | N  | N  | N  |
|   c_group_idx_reg   | Flip-flop |   3   |  Y  | N  | Y  | N  | N  | N  | N  |
|     c_buf_i_reg     | Flip-flop |  68   |  Y  | N  | N  | N  | N  | N  | N  |
|     c_buf_r_reg     | Flip-flop |  68   |  Y  | N  | N  | N  | N  | N  | N  |
|     c_state_reg     | Flip-flop |   2   |  Y  | N  | Y  | N  | N  | N  | N  |
===============================================================================

Inferred memory devices in process
	in routine CHIP line 169 in file
		'/home/raid7_2/userb12/b12166/chip_v2/01_RTL/CHIP.v'.
=================================================================================
|     Register Name     |   Type    | Width | Bus | MB | AR | AS | SR | SS | ST |
=================================================================================
| delayed_mac_group_reg | Flip-flop |   3   |  Y  | N  | N  | N  | N  | N  | N  |
|   delayed_out2_reg    | Flip-flop |  22   |  Y  | N  | N  | N  | N  | N  | N  |
| rf_io_write_delay_reg | Flip-flop |   1   |  N  | N  | Y  | N  | N  | N  | N  |
|   delayed_out3_reg    | Flip-flop |  22   |  Y  | N  | N  | N  | N  | N  | N  |
=================================================================================

Inferred memory devices in process
	in routine CHIP line 186 in file
		'/home/raid7_2/userb12/b12166/chip_v2/01_RTL/CHIP.v'.
===============================================================================
|    Register Name    |   Type    | Width | Bus | MB | AR | AS | SR | SS | ST |
===============================================================================
|   o_counter_r_reg   | Flip-flop |   6   |  Y  | N  | Y  | N  | N  | N  | N  |
|      key_r_reg      | Flip-flop |   8   |  Y  | N  | Y  | N  | N  | N  | N  |
|     state_r_reg     | Flip-flop |   3   |  Y  | N  | Y  | N  | N  | N  | N  |
|    o_state_r_reg    | Flip-flop |   1   |  N  | N  | Y  | N  | N  | N  | N  |
|    counter_r_reg    | Flip-flop |   9   |  Y  | N  | Y  | N  | N  | N  | N  |
===============================================================================
Warning:  /home/raid7_2/userb12/b12166/chip_v2/01_RTL/CORDIC.v:87: unsigned to signed assignment occurs. (VER-318)
Warning:  /home/raid7_2/userb12/b12166/chip_v2/01_RTL/CORDIC.v:88: unsigned to signed assignment occurs. (VER-318)
Warning:  /home/raid7_2/userb12/b12166/chip_v2/01_RTL/CORDIC.v:89: signed to unsigned conversion occurs. (VER-318)
Warning:  /home/raid7_2/userb12/b12166/chip_v2/01_RTL/CORDIC.v:91: unsigned to signed assignment occurs. (VER-318)
Warning:  /home/raid7_2/userb12/b12166/chip_v2/01_RTL/CORDIC.v:92: unsigned to signed assignment occurs. (VER-318)

Statistics for case statements in always block at line 49 in file
	'/home/raid7_2/userb12/b12166/chip_v2/01_RTL/CORDIC.v'
===============================================
|           Line           |  full/ parallel  |
===============================================
|            50            |    auto/auto     |
===============================================

Inferred memory devices in process
	in routine cordic_rotation line 66 in file
		'/home/raid7_2/userb12/b12166/chip_v2/01_RTL/CORDIC.v'.
===============================================================================
|    Register Name    |   Type    | Width | Bus | MB | AR | AS | SR | SS | ST |
===============================================================================
|  is_computing_reg   | Flip-flop |   1   |  N  | N  | Y  | N  | N  | N  | N  |
|      y_reg_reg      | Flip-flop |  18   |  Y  | N  | Y  | N  | N  | N  | N  |
|      y_out_reg      | Flip-flop |  17   |  Y  | N  | Y  | N  | N  | N  | N  |
|      x_out_reg      | Flip-flop |  17   |  Y  | N  | Y  | N  | N  | N  | N  |
|      z_reg_reg      | Flip-flop |  16   |  Y  | N  | Y  | N  | N  | N  | N  |
|      x_reg_reg      | Flip-flop |  18   |  Y  | N  | Y  | N  | N  | N  | N  |
|    valid_out_reg    | Flip-flop |   1   |  N  | N  | Y  | N  | N  | N  | N  |
|    step_cnt_reg     | Flip-flop |   4   |  Y  | N  | Y  | N  | N  | N  | N  |
===============================================================================

Statistics for case statements in always block at line 10 in file
	'/home/raid7_2/userb12/b12166/chip_v2/01_RTL/CSD_ROM_Table.v'
===============================================
|           Line           |  full/ parallel  |
===============================================
|            13            |    auto/auto     |
|            15            |    auto/auto     |
|            31            |    auto/auto     |
|            41            |    auto/auto     |
|            59            |    auto/auto     |
|            70            |    auto/auto     |
|            90            |    auto/auto     |
|           102            |    auto/auto     |
|           124            |    auto/auto     |
|           136            |    auto/auto     |
|           158            |    auto/auto     |
|           170            |    auto/auto     |
|           192            |    auto/auto     |
|           204            |    auto/auto     |
|           238            |    auto/auto     |
|           260            |    auto/auto     |
|           272            |    auto/auto     |
|           294            |    auto/auto     |
|           328            |    auto/auto     |
|           340            |    auto/auto     |
|           362            |    auto/auto     |
|           374            |    auto/auto     |
|           396            |    auto/auto     |
|           408            |    auto/auto     |
|           430            |    auto/auto     |
|           442            |    auto/auto     |
|           464            |    auto/auto     |
|           475            |    auto/auto     |
|           495            |    auto/auto     |
|           505            |    auto/auto     |
|           523            |    auto/auto     |
===============================================

Statistics for case statements in always block at line 544 in file
	'/home/raid7_2/userb12/b12166/chip_v2/01_RTL/CSD_ROM_Table.v'
===============================================
|           Line           |  full/ parallel  |
===============================================
|           547            |    auto/auto     |
|           549            |    auto/auto     |
|           559            |    auto/auto     |
|           575            |    auto/auto     |
|           586            |    auto/auto     |
|           604            |    auto/auto     |
|           616            |    auto/auto     |
|           636            |    auto/auto     |
|           649            |    auto/auto     |
|           669            |    auto/auto     |
|           682            |    auto/auto     |
|           702            |    auto/auto     |
|           715            |    auto/auto     |
|           735            |    auto/auto     |
|           748            |    auto/auto     |
|           768            |    auto/auto     |
|           781            |    auto/auto     |
|           801            |    auto/auto     |
|           814            |    auto/auto     |
|           834            |    auto/auto     |
|           847            |    auto/auto     |
|           867            |    auto/auto     |
|           880            |    auto/auto     |
|           900            |    auto/auto     |
|           913            |    auto/auto     |
|           933            |    auto/auto     |
|           946            |    auto/auto     |
|           966            |    auto/auto     |
|           979            |    auto/auto     |
|           997            |    auto/auto     |
|           1009           |    auto/auto     |
|           1025           |    auto/auto     |
|           1036           |    auto/auto     |
===============================================
Warning:  /home/raid7_2/userb12/b12166/chip_v2/01_RTL/PE.v:9: unsigned to signed assignment occurs. (VER-318)
Warning:  /home/raid7_2/userb12/b12166/chip_v2/01_RTL/PE.v:10: signed to unsigned conversion occurs. (VER-318)
Warning:  /home/raid7_2/userb12/b12166/chip_v2/01_RTL/PE.v:11: signed to unsigned conversion occurs. (VER-318)
Warning:  /home/raid7_2/userb12/b12166/chip_v2/01_RTL/PE.v:12: signed to unsigned conversion occurs. (VER-318)

Inferred memory devices in process
	in routine PE_Shift_Add line 33 in file
		'/home/raid7_2/userb12/b12166/chip_v2/01_RTL/PE.v'.
===============================================================================
|    Register Name    |   Type    | Width | Bus | MB | AR | AS | SR | SS | ST |
===============================================================================
|     acc_reg_reg     | Flip-flop |  27   |  Y  | N  | Y  | N  | N  | N  | N  |
===============================================================================

Inferred memory devices in process
	in routine PE_Shift_Add line 37 in file
		'/home/raid7_2/userb12/b12166/chip_v2/01_RTL/PE.v'.
===============================================================================
|    Register Name    |   Type    | Width | Bus | MB | AR | AS | SR | SS | ST |
===============================================================================
|      y_out_reg      | Flip-flop |  17   |  Y  | N  | Y  | N  | N  | N  | N  |
===============================================================================

Inferred memory devices in process
	in routine RegFileDual line 66 in file
		'/home/raid7_2/userb12/b12166/chip_v2/01_RTL/RegFile.v'.
===============================================================================
|    Register Name    |   Type    | Width | Bus | MB | AR | AS | SR | SS | ST |
===============================================================================
|   bank_mem_1_reg    | Flip-flop |  544  |  Y  | N  | N  | N  | N  | N  | N  |
|   bank_mem_0_reg    | Flip-flop |  544  |  Y  | N  | N  | N  | N  | N  | N  |
===============================================================================

Inferred memory devices in process
	in routine RegFileDual line 77 in file
		'/home/raid7_2/userb12/b12166/chip_v2/01_RTL/RegFile.v'.
===========================================================================
|    Register Name    | Type  | Width | Bus | MB | AR | AS | SR | SS | ST |
===========================================================================
|   bank_raddr_reg    | Latch |   8   |  Y  | N  | N  | N  | -  | -  | -  |
===========================================================================

Inferred memory devices in process
	in routine RegFileDual line 89 in file
		'/home/raid7_2/userb12/b12166/chip_v2/01_RTL/RegFile.v'.
===============================================================================
|    Register Name    |   Type    | Width | Bus | MB | AR | AS | SR | SS | ST |
===============================================================================
|   read_data_1_reg   | Flip-flop |  34   |  Y  | N  | Y  | N  | N  | N  | N  |
===============================================================================
Statistics for MUX_OPs
======================================================
| block name/line  | Inputs | Outputs | # sel inputs |
======================================================
|  RegFileDual/62  |   16   |   34    |      4       |
|  RegFileDual/63  |   16   |   34    |      4       |
======================================================

Inferred memory devices in process
	in routine ROM_Wrapper_Odd line 49 in file
		'/home/raid7_2/userb12/b12166/chip_v2/01_RTL/ROM_Wrapper.v'.
===============================================================================
|    Register Name    |   Type    | Width | Bus | MB | AR | AS | SR | SS | ST |
===============================================================================
|   reg_shift1_reg    | Flip-flop |   4   |  Y  | N  | Y  | N  | N  | N  | N  |
|   reg_shift2_reg    | Flip-flop |   4   |  Y  | N  | Y  | N  | N  | N  | N  |
|   reg_shift3_reg    | Flip-flop |   4   |  Y  | N  | Y  | N  | N  | N  | N  |
|    reg_sign1_reg    | Flip-flop |   1   |  N  | N  | N  | Y  | N  | N  | N  |
|    reg_sign1_reg    | Flip-flop |   1   |  N  | N  | Y  | N  | N  | N  | N  |
|    reg_sign2_reg    | Flip-flop |   1   |  N  | N  | N  | Y  | N  | N  | N  |
|    reg_sign2_reg    | Flip-flop |   1   |  N  | N  | Y  | N  | N  | N  | N  |
|    reg_sign3_reg    | Flip-flop |   1   |  N  | N  | N  | Y  | N  | N  | N  |
|    reg_sign3_reg    | Flip-flop |   1   |  N  | N  | Y  | N  | N  | N  | N  |
===============================================================================

Inferred memory devices in process
	in routine ROM_Wrapper_Even line 112 in file
		'/home/raid7_2/userb12/b12166/chip_v2/01_RTL/ROM_Wrapper.v'.
===============================================================================
|    Register Name    |   Type    | Width | Bus | MB | AR | AS | SR | SS | ST |
===============================================================================
|   reg_shift1_reg    | Flip-flop |   4   |  Y  | N  | Y  | N  | N  | N  | N  |
|   reg_shift2_reg    | Flip-flop |   4   |  Y  | N  | Y  | N  | N  | N  | N  |
|   reg_shift3_reg    | Flip-flop |   4   |  Y  | N  | Y  | N  | N  | N  | N  |
|    reg_sign1_reg    | Flip-flop |   1   |  N  | N  | N  | Y  | N  | N  | N  |
|    reg_sign1_reg    | Flip-flop |   1   |  N  | N  | Y  | N  | N  | N  | N  |
|    reg_sign2_reg    | Flip-flop |   1   |  N  | N  | N  | Y  | N  | N  | N  |
|    reg_sign2_reg    | Flip-flop |   1   |  N  | N  | Y  | N  | N  | N  | N  |
|    reg_sign3_reg    | Flip-flop |   1   |  N  | N  | N  | Y  | N  | N  | N  |
|    reg_sign3_reg    | Flip-flop |   1   |  N  | N  | Y  | N  | N  | N  | N  |
===============================================================================
Presto compilation completed successfully.
Current design is now '/home/raid7_2/userb12/b12166/chip_v2/01_RTL/CHIP.db:CHIP'
Loaded 9 designs.
Current design is 'CHIP'.
CHIP cordic_rotation CSD_ROM_Table_even CSD_ROM_Table_odd DFrFT_MAC PE_Shift_Add RegFileDual ROM_Wrapper_Odd ROM_Wrapper_Even
set DESIGN "CHIP"
CHIP
current_design [get_designs $DESIGN]
Current design is 'CHIP'.
{CHIP}
uniquify
Information: Building the design 'RegFileDual' instantiated from design 'CHIP' with
	the parameters "DATA_WIDTH=34". (HDL-193)

Inferred memory devices in process
	in routine RegFileDual_DATA_WIDTH34 line 66 in file
		'/home/raid7_2/userb12/b12166/chip_v2/01_RTL/RegFile.v'.
===============================================================================
|    Register Name    |   Type    | Width | Bus | MB | AR | AS | SR | SS | ST |
===============================================================================
|   bank_mem_1_reg    | Flip-flop |  544  |  Y  | N  | N  | N  | N  | N  | N  |
|   bank_mem_0_reg    | Flip-flop |  544  |  Y  | N  | N  | N  | N  | N  | N  |
===============================================================================

Inferred memory devices in process
	in routine RegFileDual_DATA_WIDTH34 line 77 in file
		'/home/raid7_2/userb12/b12166/chip_v2/01_RTL/RegFile.v'.
===========================================================================
|    Register Name    | Type  | Width | Bus | MB | AR | AS | SR | SS | ST |
===========================================================================
|   bank_raddr_reg    | Latch |   8   |  Y  | N  | N  | N  | -  | -  | -  |
===========================================================================

Inferred memory devices in process
	in routine RegFileDual_DATA_WIDTH34 line 89 in file
		'/home/raid7_2/userb12/b12166/chip_v2/01_RTL/RegFile.v'.
===============================================================================
|    Register Name    |   Type    | Width | Bus | MB | AR | AS | SR | SS | ST |
===============================================================================
|   read_data_1_reg   | Flip-flop |  34   |  Y  | N  | Y  | N  | N  | N  | N  |
===============================================================================
Statistics for MUX_OPs
=================================================================
|      block name/line        | Inputs | Outputs | # sel inputs |
=================================================================
| RegFileDual_DATA_WIDTH34/62 |   16   |   34    |      4       |
| RegFileDual_DATA_WIDTH34/63 |   16   |   34    |      4       |
=================================================================
Presto compilation completed successfully. (RegFileDual_DATA_WIDTH34)
Information: Building the design 'RegFileDual' instantiated from design 'CHIP' with
	the parameters "DATA_WIDTH=22". (HDL-193)

Inferred memory devices in process
	in routine RegFileDual_DATA_WIDTH22 line 66 in file
		'/home/raid7_2/userb12/b12166/chip_v2/01_RTL/RegFile.v'.
===============================================================================
|    Register Name    |   Type    | Width | Bus | MB | AR | AS | SR | SS | ST |
===============================================================================
|   bank_mem_1_reg    | Flip-flop |  352  |  Y  | N  | N  | N  | N  | N  | N  |
|   bank_mem_0_reg    | Flip-flop |  352  |  Y  | N  | N  | N  | N  | N  | N  |
===============================================================================

Inferred memory devices in process
	in routine RegFileDual_DATA_WIDTH22 line 77 in file
		'/home/raid7_2/userb12/b12166/chip_v2/01_RTL/RegFile.v'.
===========================================================================
|    Register Name    | Type  | Width | Bus | MB | AR | AS | SR | SS | ST |
===========================================================================
|   bank_raddr_reg    | Latch |   8   |  Y  | N  | N  | N  | -  | -  | -  |
===========================================================================

Inferred memory devices in process
	in routine RegFileDual_DATA_WIDTH22 line 89 in file
		'/home/raid7_2/userb12/b12166/chip_v2/01_RTL/RegFile.v'.
===============================================================================
|    Register Name    |   Type    | Width | Bus | MB | AR | AS | SR | SS | ST |
===============================================================================
|   read_data_1_reg   | Flip-flop |  22   |  Y  | N  | Y  | N  | N  | N  | N  |
===============================================================================
Statistics for MUX_OPs
=================================================================
|      block name/line        | Inputs | Outputs | # sel inputs |
=================================================================
| RegFileDual_DATA_WIDTH22/62 |   16   |   22    |      4       |
| RegFileDual_DATA_WIDTH22/63 |   16   |   22    |      4       |
=================================================================
Presto compilation completed successfully. (RegFileDual_DATA_WIDTH22)
Information: Uniquified 2 instances of design 'cordic_rotation'. (OPT-1056)
Information: Uniquified 2 instances of design 'ROM_Wrapper_Even'. (OPT-1056)
Information: Uniquified 2 instances of design 'CSD_ROM_Table_even'. (OPT-1056)
Information: Uniquified 2 instances of design 'ROM_Wrapper_Odd'. (OPT-1056)
Information: Uniquified 2 instances of design 'CSD_ROM_Table_odd'. (OPT-1056)
Information: Uniquified 8 instances of design 'PE_Shift_Add'. (OPT-1056)
1
link

  Linking design 'CHIP'
  Using the following designs and libraries:
  --------------------------------------------------------------------------
  fsa0m_a_generic_core_tt1p8v25c (library) /home/raid7_2/userb12/b12166/chip_v2/05_APR/Verilog/fsa0m_a_generic_core_tt1p8v25c.db
  fsa0m_a_generic_core_ss1p62v125c (library) /home/raid7_2/userb12/b12166/chip_v2/05_APR/Verilog/fsa0m_a_generic_core_ss1p62v125c.db
  fsa0m_a_generic_core_ff1p98vm40c (library) /home/raid7_2/userb12/b12166/chip_v2/05_APR/Verilog/fsa0m_a_generic_core_ff1p98vm40c.db
  fsa0m_a_t33_generic_io_tt1p8v25c (library) /home/raid7_2/userb12/b12166/chip_v2/05_APR/Verilog/fsa0m_a_t33_generic_io_tt1p8v25c.db
  fsa0m_a_t33_generic_io_ss1p62v125c (library) /home/raid7_2/userb12/b12166/chip_v2/05_APR/Verilog/fsa0m_a_t33_generic_io_ss1p62v125c.db
  fsa0m_a_t33_generic_io_ff1p98vm40c (library) /home/raid7_2/userb12/b12166/chip_v2/05_APR/Verilog/fsa0m_a_t33_generic_io_ff1p98vm40c.db

Warning: Unable to resolve reference 'cordic_rotation_1' in 'CHIP'. (LINK-5)
Warning: Unable to resolve reference 'cordic_rotation_0' in 'CHIP'. (LINK-5)
Warning: Unable to resolve reference 'ROM_Wrapper_Even_1' in 'DFrFT_MAC'. (LINK-5)
Warning: Unable to resolve reference 'ROM_Wrapper_Odd_1' in 'DFrFT_MAC'. (LINK-5)
Warning: Unable to resolve reference 'ROM_Wrapper_Even_0' in 'DFrFT_MAC'. (LINK-5)
Warning: Unable to resolve reference 'ROM_Wrapper_Odd_0' in 'DFrFT_MAC'. (LINK-5)
Warning: Unable to resolve reference 'PE_Shift_Add_7' in 'DFrFT_MAC'. (LINK-5)
Warning: Unable to resolve reference 'PE_Shift_Add_6' in 'DFrFT_MAC'. (LINK-5)
Warning: Unable to resolve reference 'PE_Shift_Add_5' in 'DFrFT_MAC'. (LINK-5)
Warning: Unable to resolve reference 'PE_Shift_Add_4' in 'DFrFT_MAC'. (LINK-5)
Warning: Unable to resolve reference 'PE_Shift_Add_3' in 'DFrFT_MAC'. (LINK-5)
Warning: Unable to resolve reference 'PE_Shift_Add_2' in 'DFrFT_MAC'. (LINK-5)
Warning: Unable to resolve reference 'PE_Shift_Add_1' in 'DFrFT_MAC'. (LINK-5)
Warning: Unable to resolve reference 'PE_Shift_Add_0' in 'DFrFT_MAC'. (LINK-5)
0
#You may modified the clock constraints 
#or add more constraints for your design
####################################################
set cycle  10
10
####################################################
#The following are design spec. for synthesis
#You can NOT modify this seciton 
#####################################################
create_clock -name CLK -period $cycle [get_ports clk]
1
set_fix_hold                          [get_clocks CLK]
1
set_dont_touch_network                [get_clocks CLK]
1
# set_ideal_network                     [get_ports clk]
# set_ideal_network                     [get_ports rst_n]
set_clock_uncertainty 0.1  [get_clocks CLK]
1
set_clock_latency     0.5  [get_clocks CLK]
1
set_input_delay  -max 1   -clock CLK [all_inputs]
1
set_output_delay -min 0.5 -clock CLK [all_outputs]
1
set_drive 1  [all_inputs]
1
set_load  1  [all_outputs]
1
set_fix_multiple_port_nets -all -buffer_constants
1
set_operating_conditions -min_library fsa0m_a_generic_core_ff1p98vm40c -min BCCOM -max_library fsa0m_a_generic_core_ss1p62v125c -max WCCOM
Using operating conditions 'WCCOM' found in library 'fsa0m_a_generic_core_ss1p62v125c'.
Using operating conditions 'BCCOM' found in library 'fsa0m_a_generic_core_ff1p98vm40c'.
1
set_wire_load_model -name G200K -library fsa0m_a_generic_core_tt1p8v25c
1
set_max_area 0
1
set_max_fanout 32 [get_designs $DESIGN]
1
set_boundary_optimization {"*"}
1
check_design
 
****************************************
check_design summary:
Version:     U-2022.12
Date:        Mon May 25 02:41:58 2026
****************************************

                   Name                                            Total
--------------------------------------------------------------------------------
Inputs/Outputs                                                      1
    Unconnected ports (LINT-28)                                     1

Cells                                                              61
    Cells do not drive (LINT-1)                                    55
    Connected to power or ground (LINT-32)                          3
    Nets connected to multiple pins on same cell (LINT-33)          3
--------------------------------------------------------------------------------

Warning: In design 'CHIP', cell 'C2029' does not drive any nets. (LINT-1)
Warning: In design 'CHIP', cell 'B_47' does not drive any nets. (LINT-1)
Warning: In design 'CHIP', cell 'C2083' does not drive any nets. (LINT-1)
Warning: In design 'CHIP', cell 'C2087' does not drive any nets. (LINT-1)
Warning: In design 'CHIP', cell 'C2092' does not drive any nets. (LINT-1)
Warning: In design 'CHIP', cell 'B_50' does not drive any nets. (LINT-1)
Warning: In design 'CHIP', cell 'C2131' does not drive any nets. (LINT-1)
Warning: In design 'cordic_rotation_1', cell 'C993' does not drive any nets. (LINT-1)
Warning: In design 'cordic_rotation_1', cell 'C994' does not drive any nets. (LINT-1)
Warning: In design 'cordic_rotation_1', cell 'C999' does not drive any nets. (LINT-1)
Warning: In design 'cordic_rotation_1', cell 'C1000' does not drive any nets. (LINT-1)
Warning: In design 'cordic_rotation_1', cell 'C1003' does not drive any nets. (LINT-1)
Warning: In design 'cordic_rotation_1', cell 'C1004' does not drive any nets. (LINT-1)
Warning: In design 'cordic_rotation_0', cell 'C993' does not drive any nets. (LINT-1)
Warning: In design 'cordic_rotation_0', cell 'C994' does not drive any nets. (LINT-1)
Warning: In design 'cordic_rotation_0', cell 'C999' does not drive any nets. (LINT-1)
Warning: In design 'cordic_rotation_0', cell 'C1000' does not drive any nets. (LINT-1)
Warning: In design 'cordic_rotation_0', cell 'C1003' does not drive any nets. (LINT-1)
Warning: In design 'cordic_rotation_0', cell 'C1004' does not drive any nets. (LINT-1)
Warning: In design 'ROM_Wrapper_Even_1', cell 'B_2' does not drive any nets. (LINT-1)
Warning: In design 'ROM_Wrapper_Odd_1', cell 'B_2' does not drive any nets. (LINT-1)
Warning: In design 'ROM_Wrapper_Even_0', cell 'B_2' does not drive any nets. (LINT-1)
Warning: In design 'ROM_Wrapper_Odd_0', cell 'B_2' does not drive any nets. (LINT-1)
Warning: In design 'PE_Shift_Add_7', cell 'B_10' does not drive any nets. (LINT-1)
Warning: In design 'PE_Shift_Add_7', cell 'B_11' does not drive any nets. (LINT-1)
Warning: In design 'PE_Shift_Add_7', cell 'B_12' does not drive any nets. (LINT-1)
Warning: In design 'PE_Shift_Add_7', cell 'C416' does not drive any nets. (LINT-1)
Warning: In design 'PE_Shift_Add_6', cell 'B_10' does not drive any nets. (LINT-1)
Warning: In design 'PE_Shift_Add_6', cell 'B_11' does not drive any nets. (LINT-1)
Warning: In design 'PE_Shift_Add_6', cell 'B_12' does not drive any nets. (LINT-1)
Warning: In design 'PE_Shift_Add_6', cell 'C416' does not drive any nets. (LINT-1)
Warning: In design 'PE_Shift_Add_5', cell 'B_10' does not drive any nets. (LINT-1)
Warning: In design 'PE_Shift_Add_5', cell 'B_11' does not drive any nets. (LINT-1)
Warning: In design 'PE_Shift_Add_5', cell 'B_12' does not drive any nets. (LINT-1)
Warning: In design 'PE_Shift_Add_5', cell 'C416' does not drive any nets. (LINT-1)
Warning: In design 'PE_Shift_Add_4', cell 'B_10' does not drive any nets. (LINT-1)
Warning: In design 'PE_Shift_Add_4', cell 'B_11' does not drive any nets. (LINT-1)
Warning: In design 'PE_Shift_Add_4', cell 'B_12' does not drive any nets. (LINT-1)
Warning: In design 'PE_Shift_Add_4', cell 'C416' does not drive any nets. (LINT-1)
Warning: In design 'PE_Shift_Add_3', cell 'B_10' does not drive any nets. (LINT-1)
Warning: In design 'PE_Shift_Add_3', cell 'B_11' does not drive any nets. (LINT-1)
Warning: In design 'PE_Shift_Add_3', cell 'B_12' does not drive any nets. (LINT-1)
Warning: In design 'PE_Shift_Add_3', cell 'C416' does not drive any nets. (LINT-1)
Warning: In design 'PE_Shift_Add_2', cell 'B_10' does not drive any nets. (LINT-1)
Warning: In design 'PE_Shift_Add_2', cell 'B_11' does not drive any nets. (LINT-1)
Warning: In design 'PE_Shift_Add_2', cell 'B_12' does not drive any nets. (LINT-1)
Warning: In design 'PE_Shift_Add_2', cell 'C416' does not drive any nets. (LINT-1)
Warning: In design 'PE_Shift_Add_1', cell 'B_10' does not drive any nets. (LINT-1)
Warning: In design 'PE_Shift_Add_1', cell 'B_11' does not drive any nets. (LINT-1)
Warning: In design 'PE_Shift_Add_1', cell 'B_12' does not drive any nets. (LINT-1)
Warning: In design 'PE_Shift_Add_1', cell 'C416' does not drive any nets. (LINT-1)
Warning: In design 'PE_Shift_Add_0', cell 'B_10' does not drive any nets. (LINT-1)
Warning: In design 'PE_Shift_Add_0', cell 'B_11' does not drive any nets. (LINT-1)
Warning: In design 'PE_Shift_Add_0', cell 'B_12' does not drive any nets. (LINT-1)
Warning: In design 'PE_Shift_Add_0', cell 'C416' does not drive any nets. (LINT-1)
Warning: In design 'DFrFT_MAC', port 'n_cnt[5]' is not connected to any nets. (LINT-28)
Warning: In design 'CHIP', a pin on submodule 'mac' is connected to logic 1 or logic 0. (LINT-32)
   Pin 'n_cnt[5]' is connected to logic 0. 
Warning: In design 'CHIP', a pin on submodule 'rf_data' is connected to logic 1 or logic 0. (LINT-32)
   Pin 'write_addr_1[0]' is connected to logic 0. 
Warning: In design 'CHIP', a pin on submodule 'rf_data' is connected to logic 1 or logic 0. (LINT-32)
   Pin 'write_addr_2[0]' is connected to logic 1. 
Warning: In design 'CHIP', the same net is connected to more than one pin on submodule 'rf_data'. (LINT-33)
   Net 'c_group_idx[2]' is connected to pins 'write_addr_1[4]', 'write_addr_2[4]''.
Warning: In design 'CHIP', the same net is connected to more than one pin on submodule 'rf_data'. (LINT-33)
   Net 'c_group_idx[1]' is connected to pins 'write_addr_1[3]', 'write_addr_2[3]''.
Warning: In design 'CHIP', the same net is connected to more than one pin on submodule 'rf_data'. (LINT-33)
   Net 'c_group_idx[0]' is connected to pins 'write_addr_1[2]', 'write_addr_2[2]''.
1
#####################################################
#Compile and save files
set_host_options -max_cores 8
Warning: You requested 8 cores. However, load on host cad16 is 24.54. Tool will ignore the request and use 1 cores. (UIO-231)
1
set_max_area 0
1
set_clock_gating_style -minimum_bitwidth 4 -max_fanout 32

Current clock gating style....
Sequential cell: latch
Minimum bank bitwidth: 4
Minimum bank bitwidth for enhanced clock gating: 8
Maximum fanout: 32
Setup time for clock gate: 0.000000
Hold time for clock gate: 0.000000
Clock gating circuitry (positive edge): and
Clock gating circuitry (negative edge): or
 Note: inverter between clock gating circuitry 
       and (negative edge) register clock pin.
Control point insertion: none
Control signal for control point: scan_enable
Observation point insertion: false
Observation logic depth: 5
1
insert_clock_gating
Warning: Clock gating insertion with insert_clock_gating is deprecated and will be removed in a future release; instead use the compile -gate_clock command. (PWR-729)
Information: Performing clock-gating on design CHIP


Clock Gate Insertion Report
===============================================================================
| Gated |                   | Include |      | Enable | Setup | Width | Clock |
| Group |  Flip-Flop Name   | Exclude | Bits | Cond.  | Cond. | Cond. | Gated |
===============================================================================
|       |                   |         |      |        |       |       |       |
|       |  GATED REGISTERS  |         |      |        |       |       |       |
| cg0   |                   |         |  9   |  yes   |  yes  |  yes  |  yes  |
|       |  g_cnt_d2_reg[2]  |    -    |  1   |        |       |       |       |
|       |  g_cnt_d2_reg[1]  |    -    |  1   |        |       |       |       |
|       |  g_cnt_d2_reg[0]  |    -    |  1   |        |       |       |       |
|       |  g_cnt_d1_reg[2]  |    -    |  1   |        |       |       |       |
|       |  g_cnt_d1_reg[1]  |    -    |  1   |        |       |       |       |
|       |  g_cnt_d1_reg[0]  |    -    |  1   |        |       |       |       |
|       |  g_cnt_d3_reg[2]  |    -    |  1   |        |       |       |       |
|       |  g_cnt_d3_reg[1]  |    -    |  1   |        |       |       |       |
|       |  g_cnt_d3_reg[0]  |    -    |  1   |        |       |       |       |
| cg1   |                   |         |  28  |  yes   |  yes  |  yes  |  yes  |
|       | c_buf_i_reg[0][16] |   -    |  1   |        |       |       |       |
|       | c_buf_i_reg[0][15] |   -    |  1   |        |       |       |       |
|       | c_buf_i_reg[0][14] |   -    |  1   |        |       |       |       |
|       | c_buf_i_reg[0][13] |   -    |  1   |        |       |       |       |
|       | c_buf_i_reg[0][12] |   -    |  1   |        |       |       |       |
|       | c_buf_i_reg[0][11] |   -    |  1   |        |       |       |       |
|       | c_buf_i_reg[0][10] |   -    |  1   |        |       |       |       |
|       | c_buf_i_reg[0][9] |    -    |  1   |        |       |       |       |
|       | c_buf_i_reg[0][8] |    -    |  1   |        |       |       |       |
|       | c_buf_i_reg[0][7] |    -    |  1   |        |       |       |       |
|       | c_buf_i_reg[0][6] |    -    |  1   |        |       |       |       |
|       | c_buf_i_reg[0][5] |    -    |  1   |        |       |       |       |
|       | c_buf_i_reg[0][4] |    -    |  1   |        |       |       |       |
|       | c_buf_i_reg[0][3] |    -    |  1   |        |       |       |       |
|       | c_buf_i_reg[0][2] |    -    |  1   |        |       |       |       |
|       | c_buf_i_reg[0][1] |    -    |  1   |        |       |       |       |
|       | c_buf_i_reg[0][0] |    -    |  1   |        |       |       |       |
|       | c_buf_i_reg[1][16] |   -    |  1   |        |       |       |       |
|       | c_buf_i_reg[1][15] |   -    |  1   |        |       |       |       |
|       | c_buf_i_reg[1][14] |   -    |  1   |        |       |       |       |
|       | c_buf_i_reg[1][13] |   -    |  1   |        |       |       |       |
|       | c_buf_i_reg[1][12] |   -    |  1   |        |       |       |       |
|       | c_buf_i_reg[1][11] |   -    |  1   |        |       |       |       |
|       | c_buf_i_reg[1][10] |   -    |  1   |        |       |       |       |
|       | c_buf_i_reg[1][9] |    -    |  1   |        |       |       |       |
|       | c_buf_i_reg[1][8] |    -    |  1   |        |       |       |       |
|       | c_buf_i_reg[1][7] |    -    |  1   |        |       |       |       |
|       | c_buf_i_reg[1][6] |    -    |  1   |        |       |       |       |
| cg2   |                   |         |  27  |  yes   |  yes  |  yes  |  yes  |
|       | c_buf_i_reg[1][5] |    -    |  1   |        |       |       |       |
|       | c_buf_i_reg[1][4] |    -    |  1   |        |       |       |       |
|       | c_buf_i_reg[1][3] |    -    |  1   |        |       |       |       |
|       | c_buf_i_reg[1][2] |    -    |  1   |        |       |       |       |
|       | c_buf_i_reg[1][1] |    -    |  1   |        |       |       |       |
|       | c_buf_i_reg[1][0] |    -    |  1   |        |       |       |       |
|       | c_buf_i_reg[2][16] |   -    |  1   |        |       |       |       |
|       | c_buf_i_reg[2][15] |   -    |  1   |        |       |       |       |
|       | c_buf_i_reg[2][14] |   -    |  1   |        |       |       |       |
|       | c_buf_i_reg[2][13] |   -    |  1   |        |       |       |       |
|       | c_buf_i_reg[2][12] |   -    |  1   |        |       |       |       |
|       | c_buf_i_reg[2][11] |   -    |  1   |        |       |       |       |
|       | c_buf_i_reg[2][10] |   -    |  1   |        |       |       |       |
|       | c_buf_i_reg[2][9] |    -    |  1   |        |       |       |       |
|       | c_buf_i_reg[2][8] |    -    |  1   |        |       |       |       |
|       | c_buf_i_reg[2][7] |    -    |  1   |        |       |       |       |
|       | c_buf_i_reg[2][6] |    -    |  1   |        |       |       |       |
|       | c_buf_i_reg[2][5] |    -    |  1   |        |       |       |       |
|       | c_buf_i_reg[2][4] |    -    |  1   |        |       |       |       |
|       | c_buf_i_reg[2][3] |    -    |  1   |        |       |       |       |
|       | c_buf_i_reg[2][2] |    -    |  1   |        |       |       |       |
|       | c_buf_i_reg[2][1] |    -    |  1   |        |       |       |       |
|       | c_buf_i_reg[2][0] |    -    |  1   |        |       |       |       |
|       | c_buf_i_reg[3][16] |   -    |  1   |        |       |       |       |
|       | c_buf_i_reg[3][15] |   -    |  1   |        |       |       |       |
|       | c_buf_i_reg[3][14] |   -    |  1   |        |       |       |       |
|       | c_buf_i_reg[3][13] |   -    |  1   |        |       |       |       |
| cg3   |                   |         |  27  |  yes   |  yes  |  yes  |  yes  |
|       | c_buf_i_reg[3][12] |   -    |  1   |        |       |       |       |
|       | c_buf_i_reg[3][11] |   -    |  1   |        |       |       |       |
|       | c_buf_i_reg[3][10] |   -    |  1   |        |       |       |       |
|       | c_buf_i_reg[3][9] |    -    |  1   |        |       |       |       |
|       | c_buf_i_reg[3][8] |    -    |  1   |        |       |       |       |
|       | c_buf_i_reg[3][7] |    -    |  1   |        |       |       |       |
|       | c_buf_i_reg[3][6] |    -    |  1   |        |       |       |       |
|       | c_buf_i_reg[3][5] |    -    |  1   |        |       |       |       |
|       | c_buf_i_reg[3][4] |    -    |  1   |        |       |       |       |
|       | c_buf_i_reg[3][3] |    -    |  1   |        |       |       |       |
|       | c_buf_i_reg[3][2] |    -    |  1   |        |       |       |       |
|       | c_buf_i_reg[3][1] |    -    |  1   |        |       |       |       |
|       | c_buf_i_reg[3][0] |    -    |  1   |        |       |       |       |
|       | c_buf_r_reg[0][16] |   -    |  1   |        |       |       |       |
|       | c_buf_r_reg[0][15] |   -    |  1   |        |       |       |       |
|       | c_buf_r_reg[0][14] |   -    |  1   |        |       |       |       |
|       | c_buf_r_reg[0][13] |   -    |  1   |        |       |       |       |
|       | c_buf_r_reg[0][12] |   -    |  1   |        |       |       |       |
|       | c_buf_r_reg[0][11] |   -    |  1   |        |       |       |       |
|       | c_buf_r_reg[0][10] |   -    |  1   |        |       |       |       |
|       | c_buf_r_reg[0][9] |    -    |  1   |        |       |       |       |
|       | c_buf_r_reg[0][8] |    -    |  1   |        |       |       |       |
|       | c_buf_r_reg[0][7] |    -    |  1   |        |       |       |       |
|       | c_buf_r_reg[0][6] |    -    |  1   |        |       |       |       |
|       | c_buf_r_reg[0][5] |    -    |  1   |        |       |       |       |
|       | c_buf_r_reg[0][4] |    -    |  1   |        |       |       |       |
|       | c_buf_r_reg[0][3] |    -    |  1   |        |       |       |       |
| cg4   |                   |         |  27  |  yes   |  yes  |  yes  |  yes  |
|       | c_buf_r_reg[0][2] |    -    |  1   |        |       |       |       |
|       | c_buf_r_reg[0][1] |    -    |  1   |        |       |       |       |
|       | c_buf_r_reg[0][0] |    -    |  1   |        |       |       |       |
|       | c_buf_r_reg[1][16] |   -    |  1   |        |       |       |       |
|       | c_buf_r_reg[1][15] |   -    |  1   |        |       |       |       |
|       | c_buf_r_reg[1][14] |   -    |  1   |        |       |       |       |
|       | c_buf_r_reg[1][13] |   -    |  1   |        |       |       |       |
|       | c_buf_r_reg[1][12] |   -    |  1   |        |       |       |       |
|       | c_buf_r_reg[1][11] |   -    |  1   |        |       |       |       |
|       | c_buf_r_reg[1][10] |   -    |  1   |        |       |       |       |
|       | c_buf_r_reg[1][9] |    -    |  1   |        |       |       |       |
|       | c_buf_r_reg[1][8] |    -    |  1   |        |       |       |       |
|       | c_buf_r_reg[1][7] |    -    |  1   |        |       |       |       |
|       | c_buf_r_reg[1][6] |    -    |  1   |        |       |       |       |
|       | c_buf_r_reg[1][5] |    -    |  1   |        |       |       |       |
|       | c_buf_r_reg[1][4] |    -    |  1   |        |       |       |       |
|       | c_buf_r_reg[1][3] |    -    |  1   |        |       |       |       |
|       | c_buf_r_reg[1][2] |    -    |  1   |        |       |       |       |
|       | c_buf_r_reg[1][1] |    -    |  1   |        |       |       |       |
|       | c_buf_r_reg[1][0] |    -    |  1   |        |       |       |       |
|       | c_buf_r_reg[2][16] |   -    |  1   |        |       |       |       |
|       | c_buf_r_reg[2][15] |   -    |  1   |        |       |       |       |
|       | c_buf_r_reg[2][14] |   -    |  1   |        |       |       |       |
|       | c_buf_r_reg[2][13] |   -    |  1   |        |       |       |       |
|       | c_buf_r_reg[2][12] |   -    |  1   |        |       |       |       |
|       | c_buf_r_reg[2][11] |   -    |  1   |        |       |       |       |
|       | c_buf_r_reg[2][10] |   -    |  1   |        |       |       |       |
| cg5   |                   |         |  27  |  yes   |  yes  |  yes  |  yes  |
|       | c_buf_r_reg[2][9] |    -    |  1   |        |       |       |       |
|       | c_buf_r_reg[2][8] |    -    |  1   |        |       |       |       |
|       | c_buf_r_reg[2][7] |    -    |  1   |        |       |       |       |
|       | c_buf_r_reg[2][6] |    -    |  1   |        |       |       |       |
|       | c_buf_r_reg[2][5] |    -    |  1   |        |       |       |       |
|       | c_buf_r_reg[2][4] |    -    |  1   |        |       |       |       |
|       | c_buf_r_reg[2][3] |    -    |  1   |        |       |       |       |
|       | c_buf_r_reg[2][2] |    -    |  1   |        |       |       |       |
|       | c_buf_r_reg[2][1] |    -    |  1   |        |       |       |       |
|       | c_buf_r_reg[2][0] |    -    |  1   |        |       |       |       |
|       | c_buf_r_reg[3][16] |   -    |  1   |        |       |       |       |
|       | c_buf_r_reg[3][15] |   -    |  1   |        |       |       |       |
|       | c_buf_r_reg[3][14] |   -    |  1   |        |       |       |       |
|       | c_buf_r_reg[3][13] |   -    |  1   |        |       |       |       |
|       | c_buf_r_reg[3][12] |   -    |  1   |        |       |       |       |
|       | c_buf_r_reg[3][11] |   -    |  1   |        |       |       |       |
|       | c_buf_r_reg[3][10] |   -    |  1   |        |       |       |       |
|       | c_buf_r_reg[3][9] |    -    |  1   |        |       |       |       |
|       | c_buf_r_reg[3][8] |    -    |  1   |        |       |       |       |
|       | c_buf_r_reg[3][7] |    -    |  1   |        |       |       |       |
|       | c_buf_r_reg[3][6] |    -    |  1   |        |       |       |       |
|       | c_buf_r_reg[3][5] |    -    |  1   |        |       |       |       |
|       | c_buf_r_reg[3][4] |    -    |  1   |        |       |       |       |
|       | c_buf_r_reg[3][3] |    -    |  1   |        |       |       |       |
|       | c_buf_r_reg[3][2] |    -    |  1   |        |       |       |       |
|       | c_buf_r_reg[3][1] |    -    |  1   |        |       |       |       |
|       | c_buf_r_reg[3][0] |    -    |  1   |        |       |       |       |
| cg6   |                   |         |  24  |  yes   |  yes  |  yes  |  yes  |
|       | delayed_mac_group_reg[2] | - |  1  |        |       |       |       |
|       | delayed_mac_group_reg[1] | - |  1  |        |       |       |       |
|       | delayed_mac_group_reg[0] | - |  1  |        |       |       |       |
|       | delayed_out2_reg[21] |  -   |  1   |        |       |       |       |
|       | delayed_out2_reg[20] |  -   |  1   |        |       |       |       |
|       | delayed_out2_reg[19] |  -   |  1   |        |       |       |       |
|       | delayed_out2_reg[18] |  -   |  1   |        |       |       |       |
|       | delayed_out2_reg[17] |  -   |  1   |        |       |       |       |
|       | delayed_out2_reg[16] |  -   |  1   |        |       |       |       |
|       | delayed_out2_reg[15] |  -   |  1   |        |       |       |       |
|       | delayed_out2_reg[14] |  -   |  1   |        |       |       |       |
|       | delayed_out2_reg[13] |  -   |  1   |        |       |       |       |
|       | delayed_out2_reg[12] |  -   |  1   |        |       |       |       |
|       | delayed_out2_reg[11] |  -   |  1   |        |       |       |       |
|       | delayed_out2_reg[10] |  -   |  1   |        |       |       |       |
|       | delayed_out2_reg[9] |   -   |  1   |        |       |       |       |
|       | delayed_out2_reg[8] |   -   |  1   |        |       |       |       |
|       | delayed_out2_reg[7] |   -   |  1   |        |       |       |       |
|       | delayed_out2_reg[6] |   -   |  1   |        |       |       |       |
|       | delayed_out2_reg[5] |   -   |  1   |        |       |       |       |
|       | delayed_out2_reg[4] |   -   |  1   |        |       |       |       |
|       | delayed_out2_reg[3] |   -   |  1   |        |       |       |       |
|       | delayed_out2_reg[2] |   -   |  1   |        |       |       |       |
|       | delayed_out2_reg[1] |   -   |  1   |        |       |       |       |
| cg7   |                   |         |  23  |  yes   |  yes  |  yes  |  yes  |
|       | delayed_out2_reg[0] |   -   |  1   |        |       |       |       |
|       | delayed_out3_reg[21] |  -   |  1   |        |       |       |       |
|       | delayed_out3_reg[20] |  -   |  1   |        |       |       |       |
|       | delayed_out3_reg[19] |  -   |  1   |        |       |       |       |
|       | delayed_out3_reg[18] |  -   |  1   |        |       |       |       |
|       | delayed_out3_reg[17] |  -   |  1   |        |       |       |       |
|       | delayed_out3_reg[16] |  -   |  1   |        |       |       |       |
|       | delayed_out3_reg[15] |  -   |  1   |        |       |       |       |
|       | delayed_out3_reg[14] |  -   |  1   |        |       |       |       |
|       | delayed_out3_reg[13] |  -   |  1   |        |       |       |       |
|       | delayed_out3_reg[12] |  -   |  1   |        |       |       |       |
|       | delayed_out3_reg[11] |  -   |  1   |        |       |       |       |
|       | delayed_out3_reg[10] |  -   |  1   |        |       |       |       |
|       | delayed_out3_reg[9] |   -   |  1   |        |       |       |       |
|       | delayed_out3_reg[8] |   -   |  1   |        |       |       |       |
|       | delayed_out3_reg[7] |   -   |  1   |        |       |       |       |
|       | delayed_out3_reg[6] |   -   |  1   |        |       |       |       |
|       | delayed_out3_reg[5] |   -   |  1   |        |       |       |       |
|       | delayed_out3_reg[4] |   -   |  1   |        |       |       |       |
|       | delayed_out3_reg[3] |   -   |  1   |        |       |       |       |
|       | delayed_out3_reg[2] |   -   |  1   |        |       |       |       |
|       | delayed_out3_reg[1] |   -   |  1   |        |       |       |       |
|       | delayed_out3_reg[0] |   -   |  1   |        |       |       |       |
| cg8   |                   |         |  6   |  yes   |  yes  |  yes  |  yes  |
|       | o_counter_r_reg[5] |   -    |  1   |        |       |       |       |
|       | o_counter_r_reg[4] |   -    |  1   |        |       |       |       |
|       | o_counter_r_reg[3] |   -    |  1   |        |       |       |       |
|       | o_counter_r_reg[2] |   -    |  1   |        |       |       |       |
|       | o_counter_r_reg[1] |   -    |  1   |        |       |       |       |
|       | o_counter_r_reg[0] |   -    |  1   |        |       |       |       |
| cg9   |                   |         |  8   |  yes   |  yes  |  yes  |  yes  |
|       |   key_r_reg[7]    |    -    |  1   |        |       |       |       |
|       |   key_r_reg[6]    |    -    |  1   |        |       |       |       |
|       |   key_r_reg[5]    |    -    |  1   |        |       |       |       |
|       |   key_r_reg[4]    |    -    |  1   |        |       |       |       |
|       |   key_r_reg[3]    |    -    |  1   |        |       |       |       |
|       |   key_r_reg[2]    |    -    |  1   |        |       |       |       |
|       |   key_r_reg[1]    |    -    |  1   |        |       |       |       |
|       |   key_r_reg[0]    |    -    |  1   |        |       |       |       |
| cg10  |                   |         |  9   |  yes   |  yes  |  yes  |  yes  |
|       | counter_r_reg[8]  |    -    |  1   |        |       |       |       |
|       | counter_r_reg[7]  |    -    |  1   |        |       |       |       |
|       | counter_r_reg[6]  |    -    |  1   |        |       |       |       |
|       | counter_r_reg[5]  |    -    |  1   |        |       |       |       |
|       | counter_r_reg[4]  |    -    |  1   |        |       |       |       |
|       | counter_r_reg[3]  |    -    |  1   |        |       |       |       |
|       | counter_r_reg[2]  |    -    |  1   |        |       |       |       |
|       | counter_r_reg[1]  |    -    |  1   |        |       |       |       |
|       | counter_r_reg[0]  |    -    |  1   |        |       |       |       |
|       |                   |         |      |        |       |       |       |
|       | UNGATED REGISTERS |         |      |        |       |       |       |
|       |  pe_done_d2_reg   |    -    |  1   |   no   |  ??   |  ??   |  no   |
|       |  pe_done_d1_reg   |    -    |  1   |   no   |  ??   |  ??   |  no   |
|       |  pe_clear_d1_reg  |    -    |  1   |   no   |  ??   |  ??   |  no   |
|       | mac_valid_out_r_reg |   -   |  1   |   no   |  ??   |  ??   |  no   |
|       |    c_start_reg    |    -    |  1   |   no   |  ??   |  ??   |  no   |
|       | c_group_idx_reg[2] |   -    |  1   |  yes   |  yes  |  no   |  no   |
|       | c_group_idx_reg[1] |   -    |  1   |  yes   |  yes  |  no   |  no   |
|       | c_group_idx_reg[0] |   -    |  1   |  yes   |  yes  |  no   |  no   |
|       |  c_state_reg[1]   |    -    |  1   |  yes   |  yes  |  no   |  no   |
|       |  c_state_reg[0]   |    -    |  1   |  yes   |  yes  |  no   |  no   |
|       | rf_io_write_delay_reg |  -  |  1   |   no   |  ??   |  ??   |  no   |
|       |  state_r_reg[2]   |    -    |  1   |  yes   |  yes  |  no   |  no   |
|       |  state_r_reg[1]   |    -    |  1   |  yes   |  yes  |  no   |  no   |
|       |  state_r_reg[0]   |    -    |  1   |  yes   |  yes  |  no   |  no   |
|       |   o_state_r_reg   |    -    |  1   |  yes   |  yes  |  no   |  no   |
===============================================================================

Summary:
Flip-Flops                        Banks                   Bit-Width
                              number  percentage      number  percentage
Clock gated (total):            22           68        215           93
Clock not gated because
   Bank was excluded:            0            0          0            0
   Bank width too small:         4           12          9            3
   Enable condition not met:     6           18          6            2
   Setup condition violated:     0            0          0            0
Total:                          32          100        230          100


Information: Performing clock-gating on design RegFileDual_DATA_WIDTH22


Clock Gate Insertion Report
===============================================================================
| Gated |                   | Include |      | Enable | Setup | Width | Clock |
| Group |  Flip-Flop Name   | Exclude | Bits | Cond.  | Cond. | Cond. | Gated |
===============================================================================
|       |                   |         |      |        |       |       |       |
|       |  GATED REGISTERS  |         |      |        |       |       |       |
| cg0   |                   |         |  22  |  yes   |  yes  |  yes  |  yes  |
|       | bank_mem_1_reg[0][21] |  -  |  1   |        |       |       |       |
|       | bank_mem_1_reg[0][20] |  -  |  1   |        |       |       |       |
|       | bank_mem_1_reg[0][19] |  -  |  1   |        |       |       |       |
|       | bank_mem_1_reg[0][18] |  -  |  1   |        |       |       |       |
|       | bank_mem_1_reg[0][17] |  -  |  1   |        |       |       |       |
|       | bank_mem_1_reg[0][16] |  -  |  1   |        |       |       |       |
|       | bank_mem_1_reg[0][15] |  -  |  1   |        |       |       |       |
|       | bank_mem_1_reg[0][14] |  -  |  1   |        |       |       |       |
|       | bank_mem_1_reg[0][13] |  -  |  1   |        |       |       |       |
|       | bank_mem_1_reg[0][12] |  -  |  1   |        |       |       |       |
|       | bank_mem_1_reg[0][11] |  -  |  1   |        |       |       |       |
|       | bank_mem_1_reg[0][10] |  -  |  1   |        |       |       |       |
|       | bank_mem_1_reg[0][9] |  -   |  1   |        |       |       |       |
|       | bank_mem_1_reg[0][8] |  -   |  1   |        |       |       |       |
|       | bank_mem_1_reg[0][7] |  -   |  1   |        |       |       |       |
|       | bank_mem_1_reg[0][6] |  -   |  1   |        |       |       |       |
|       | bank_mem_1_reg[0][5] |  -   |  1   |        |       |       |       |
|       | bank_mem_1_reg[0][4] |  -   |  1   |        |       |       |       |
|       | bank_mem_1_reg[0][3] |  -   |  1   |        |       |       |       |
|       | bank_mem_1_reg[0][2] |  -   |  1   |        |       |       |       |
|       | bank_mem_1_reg[0][1] |  -   |  1   |        |       |       |       |
|       | bank_mem_1_reg[0][0] |  -   |  1   |        |       |       |       |
| cg1   |                   |         |  22  |  yes   |  yes  |  yes  |  yes  |
|       | bank_mem_1_reg[1][21] |  -  |  1   |        |       |       |       |
|       | bank_mem_1_reg[1][20] |  -  |  1   |        |       |       |       |
|       | bank_mem_1_reg[1][19] |  -  |  1   |        |       |       |       |
|       | bank_mem_1_reg[1][18] |  -  |  1   |        |       |       |       |
|       | bank_mem_1_reg[1][17] |  -  |  1   |        |       |       |       |
|       | bank_mem_1_reg[1][16] |  -  |  1   |        |       |       |       |
|       | bank_mem_1_reg[1][15] |  -  |  1   |        |       |       |       |
|       | bank_mem_1_reg[1][14] |  -  |  1   |        |       |       |       |
|       | bank_mem_1_reg[1][13] |  -  |  1   |        |       |       |       |
|       | bank_mem_1_reg[1][12] |  -  |  1   |        |       |       |       |
|       | bank_mem_1_reg[1][11] |  -  |  1   |        |       |       |       |
|       | bank_mem_1_reg[1][10] |  -  |  1   |        |       |       |       |
|       | bank_mem_1_reg[1][9] |  -   |  1   |        |       |       |       |
|       | bank_mem_1_reg[1][8] |  -   |  1   |        |       |       |       |
|       | bank_mem_1_reg[1][7] |  -   |  1   |        |       |       |       |
|       | bank_mem_1_reg[1][6] |  -   |  1   |        |       |       |       |
|       | bank_mem_1_reg[1][5] |  -   |  1   |        |       |       |       |
|       | bank_mem_1_reg[1][4] |  -   |  1   |        |       |       |       |
|       | bank_mem_1_reg[1][3] |  -   |  1   |        |       |       |       |
|       | bank_mem_1_reg[1][2] |  -   |  1   |        |       |       |       |
|       | bank_mem_1_reg[1][1] |  -   |  1   |        |       |       |       |
|       | bank_mem_1_reg[1][0] |  -   |  1   |        |       |       |       |
| cg2   |                   |         |  22  |  yes   |  yes  |  yes  |  yes  |
|       | bank_mem_1_reg[2][21] |  -  |  1   |        |       |       |       |
|       | bank_mem_1_reg[2][20] |  -  |  1   |        |       |       |       |
|       | bank_mem_1_reg[2][19] |  -  |  1   |        |       |       |       |
|       | bank_mem_1_reg[2][18] |  -  |  1   |        |       |       |       |
|       | bank_mem_1_reg[2][17] |  -  |  1   |        |       |       |       |
|       | bank_mem_1_reg[2][16] |  -  |  1   |        |       |       |       |
|       | bank_mem_1_reg[2][15] |  -  |  1   |        |       |       |       |
|       | bank_mem_1_reg[2][14] |  -  |  1   |        |       |       |       |
|       | bank_mem_1_reg[2][13] |  -  |  1   |        |       |       |       |
|       | bank_mem_1_reg[2][12] |  -  |  1   |        |       |       |       |
|       | bank_mem_1_reg[2][11] |  -  |  1   |        |       |       |       |
|       | bank_mem_1_reg[2][10] |  -  |  1   |        |       |       |       |
|       | bank_mem_1_reg[2][9] |  -   |  1   |        |       |       |       |
|       | bank_mem_1_reg[2][8] |  -   |  1   |        |       |       |       |
|       | bank_mem_1_reg[2][7] |  -   |  1   |        |       |       |       |
|       | bank_mem_1_reg[2][6] |  -   |  1   |        |       |       |       |
|       | bank_mem_1_reg[2][5] |  -   |  1   |        |       |       |       |
|       | bank_mem_1_reg[2][4] |  -   |  1   |        |       |       |       |
|       | bank_mem_1_reg[2][3] |  -   |  1   |        |       |       |       |
|       | bank_mem_1_reg[2][2] |  -   |  1   |        |       |       |       |
|       | bank_mem_1_reg[2][1] |  -   |  1   |        |       |       |       |
|       | bank_mem_1_reg[2][0] |  -   |  1   |        |       |       |       |
| cg3   |                   |         |  22  |  yes   |  yes  |  yes  |  yes  |
|       | bank_mem_1_reg[3][21] |  -  |  1   |        |       |       |       |
|       | bank_mem_1_reg[3][20] |  -  |  1   |        |       |       |       |
|       | bank_mem_1_reg[3][19] |  -  |  1   |        |       |       |       |
|       | bank_mem_1_reg[3][18] |  -  |  1   |        |       |       |       |
|       | bank_mem_1_reg[3][17] |  -  |  1   |        |       |       |       |
|       | bank_mem_1_reg[3][16] |  -  |  1   |        |       |       |       |
|       | bank_mem_1_reg[3][15] |  -  |  1   |        |       |       |       |
|       | bank_mem_1_reg[3][14] |  -  |  1   |        |       |       |       |
|       | bank_mem_1_reg[3][13] |  -  |  1   |        |       |       |       |
|       | bank_mem_1_reg[3][12] |  -  |  1   |        |       |       |       |
|       | bank_mem_1_reg[3][11] |  -  |  1   |        |       |       |       |
|       | bank_mem_1_reg[3][10] |  -  |  1   |        |       |       |       |
|       | bank_mem_1_reg[3][9] |  -   |  1   |        |       |       |       |
|       | bank_mem_1_reg[3][8] |  -   |  1   |        |       |       |       |
|       | bank_mem_1_reg[3][7] |  -   |  1   |        |       |       |       |
|       | bank_mem_1_reg[3][6] |  -   |  1   |        |       |       |       |
|       | bank_mem_1_reg[3][5] |  -   |  1   |        |       |       |       |
|       | bank_mem_1_reg[3][4] |  -   |  1   |        |       |       |       |
|       | bank_mem_1_reg[3][3] |  -   |  1   |        |       |       |       |
|       | bank_mem_1_reg[3][2] |  -   |  1   |        |       |       |       |
|       | bank_mem_1_reg[3][1] |  -   |  1   |        |       |       |       |
|       | bank_mem_1_reg[3][0] |  -   |  1   |        |       |       |       |
| cg4   |                   |         |  22  |  yes   |  yes  |  yes  |  yes  |
|       | bank_mem_1_reg[4][21] |  -  |  1   |        |       |       |       |
|       | bank_mem_1_reg[4][20] |  -  |  1   |        |       |       |       |
|       | bank_mem_1_reg[4][19] |  -  |  1   |        |       |       |       |
|       | bank_mem_1_reg[4][18] |  -  |  1   |        |       |       |       |
|       | bank_mem_1_reg[4][17] |  -  |  1   |        |       |       |       |
|       | bank_mem_1_reg[4][16] |  -  |  1   |        |       |       |       |
|       | bank_mem_1_reg[4][15] |  -  |  1   |        |       |       |       |
|       | bank_mem_1_reg[4][14] |  -  |  1   |        |       |       |       |
|       | bank_mem_1_reg[4][13] |  -  |  1   |        |       |       |       |
|       | bank_mem_1_reg[4][12] |  -  |  1   |        |       |       |       |
|       | bank_mem_1_reg[4][11] |  -  |  1   |        |       |       |       |
|       | bank_mem_1_reg[4][10] |  -  |  1   |        |       |       |       |
|       | bank_mem_1_reg[4][9] |  -   |  1   |        |       |       |       |
|       | bank_mem_1_reg[4][8] |  -   |  1   |        |       |       |       |
|       | bank_mem_1_reg[4][7] |  -   |  1   |        |       |       |       |
|       | bank_mem_1_reg[4][6] |  -   |  1   |        |       |       |       |
|       | bank_mem_1_reg[4][5] |  -   |  1   |        |       |       |       |
|       | bank_mem_1_reg[4][4] |  -   |  1   |        |       |       |       |
|       | bank_mem_1_reg[4][3] |  -   |  1   |        |       |       |       |
|       | bank_mem_1_reg[4][2] |  -   |  1   |        |       |       |       |
|       | bank_mem_1_reg[4][1] |  -   |  1   |        |       |       |       |
|       | bank_mem_1_reg[4][0] |  -   |  1   |        |       |       |       |
| cg5   |                   |         |  22  |  yes   |  yes  |  yes  |  yes  |
|       | bank_mem_1_reg[5][21] |  -  |  1   |        |       |       |       |
|       | bank_mem_1_reg[5][20] |  -  |  1   |        |       |       |       |
|       | bank_mem_1_reg[5][19] |  -  |  1   |        |       |       |       |
|       | bank_mem_1_reg[5][18] |  -  |  1   |        |       |       |       |
|       | bank_mem_1_reg[5][17] |  -  |  1   |        |       |       |       |
|       | bank_mem_1_reg[5][16] |  -  |  1   |        |       |       |       |
|       | bank_mem_1_reg[5][15] |  -  |  1   |        |       |       |       |
|       | bank_mem_1_reg[5][14] |  -  |  1   |        |       |       |       |
|       | bank_mem_1_reg[5][13] |  -  |  1   |        |       |       |       |
|       | bank_mem_1_reg[5][12] |  -  |  1   |        |       |       |       |
|       | bank_mem_1_reg[5][11] |  -  |  1   |        |       |       |       |
|       | bank_mem_1_reg[5][10] |  -  |  1   |        |       |       |       |
|       | bank_mem_1_reg[5][9] |  -   |  1   |        |       |       |       |
|       | bank_mem_1_reg[5][8] |  -   |  1   |        |       |       |       |
|       | bank_mem_1_reg[5][7] |  -   |  1   |        |       |       |       |
|       | bank_mem_1_reg[5][6] |  -   |  1   |        |       |       |       |
|       | bank_mem_1_reg[5][5] |  -   |  1   |        |       |       |       |
|       | bank_mem_1_reg[5][4] |  -   |  1   |        |       |       |       |
|       | bank_mem_1_reg[5][3] |  -   |  1   |        |       |       |       |
|       | bank_mem_1_reg[5][2] |  -   |  1   |        |       |       |       |
|       | bank_mem_1_reg[5][1] |  -   |  1   |        |       |       |       |
|       | bank_mem_1_reg[5][0] |  -   |  1   |        |       |       |       |
| cg6   |                   |         |  22  |  yes   |  yes  |  yes  |  yes  |
|       | bank_mem_1_reg[6][21] |  -  |  1   |        |       |       |       |
|       | bank_mem_1_reg[6][20] |  -  |  1   |        |       |       |       |
|       | bank_mem_1_reg[6][19] |  -  |  1   |        |       |       |       |
|       | bank_mem_1_reg[6][18] |  -  |  1   |        |       |       |       |
|       | bank_mem_1_reg[6][17] |  -  |  1   |        |       |       |       |
|       | bank_mem_1_reg[6][16] |  -  |  1   |        |       |       |       |
|       | bank_mem_1_reg[6][15] |  -  |  1   |        |       |       |       |
|       | bank_mem_1_reg[6][14] |  -  |  1   |        |       |       |       |
|       | bank_mem_1_reg[6][13] |  -  |  1   |        |       |       |       |
|       | bank_mem_1_reg[6][12] |  -  |  1   |        |       |       |       |
|       | bank_mem_1_reg[6][11] |  -  |  1   |        |       |       |       |
|       | bank_mem_1_reg[6][10] |  -  |  1   |        |       |       |       |
|       | bank_mem_1_reg[6][9] |  -   |  1   |        |       |       |       |
|       | bank_mem_1_reg[6][8] |  -   |  1   |        |       |       |       |
|       | bank_mem_1_reg[6][7] |  -   |  1   |        |       |       |       |
|       | bank_mem_1_reg[6][6] |  -   |  1   |        |       |       |       |
|       | bank_mem_1_reg[6][5] |  -   |  1   |        |       |       |       |
|       | bank_mem_1_reg[6][4] |  -   |  1   |        |       |       |       |
|       | bank_mem_1_reg[6][3] |  -   |  1   |        |       |       |       |
|       | bank_mem_1_reg[6][2] |  -   |  1   |        |       |       |       |
|       | bank_mem_1_reg[6][1] |  -   |  1   |        |       |       |       |
|       | bank_mem_1_reg[6][0] |  -   |  1   |        |       |       |       |
| cg7   |                   |         |  22  |  yes   |  yes  |  yes  |  yes  |
|       | bank_mem_1_reg[7][21] |  -  |  1   |        |       |       |       |
|       | bank_mem_1_reg[7][20] |  -  |  1   |        |       |       |       |
|       | bank_mem_1_reg[7][19] |  -  |  1   |        |       |       |       |
|       | bank_mem_1_reg[7][18] |  -  |  1   |        |       |       |       |
|       | bank_mem_1_reg[7][17] |  -  |  1   |        |       |       |       |
|       | bank_mem_1_reg[7][16] |  -  |  1   |        |       |       |       |
|       | bank_mem_1_reg[7][15] |  -  |  1   |        |       |       |       |
|       | bank_mem_1_reg[7][14] |  -  |  1   |        |       |       |       |
|       | bank_mem_1_reg[7][13] |  -  |  1   |        |       |       |       |
|       | bank_mem_1_reg[7][12] |  -  |  1   |        |       |       |       |
|       | bank_mem_1_reg[7][11] |  -  |  1   |        |       |       |       |
|       | bank_mem_1_reg[7][10] |  -  |  1   |        |       |       |       |
|       | bank_mem_1_reg[7][9] |  -   |  1   |        |       |       |       |
|       | bank_mem_1_reg[7][8] |  -   |  1   |        |       |       |       |
|       | bank_mem_1_reg[7][7] |  -   |  1   |        |       |       |       |
|       | bank_mem_1_reg[7][6] |  -   |  1   |        |       |       |       |
|       | bank_mem_1_reg[7][5] |  -   |  1   |        |       |       |       |
|       | bank_mem_1_reg[7][4] |  -   |  1   |        |       |       |       |
|       | bank_mem_1_reg[7][3] |  -   |  1   |        |       |       |       |
|       | bank_mem_1_reg[7][2] |  -   |  1   |        |       |       |       |
|       | bank_mem_1_reg[7][1] |  -   |  1   |        |       |       |       |
|       | bank_mem_1_reg[7][0] |  -   |  1   |        |       |       |       |
| cg8   |                   |         |  22  |  yes   |  yes  |  yes  |  yes  |
|       | bank_mem_1_reg[8][21] |  -  |  1   |        |       |       |       |
|       | bank_mem_1_reg[8][20] |  -  |  1   |        |       |       |       |
|       | bank_mem_1_reg[8][19] |  -  |  1   |        |       |       |       |
|       | bank_mem_1_reg[8][18] |  -  |  1   |        |       |       |       |
|       | bank_mem_1_reg[8][17] |  -  |  1   |        |       |       |       |
|       | bank_mem_1_reg[8][16] |  -  |  1   |        |       |       |       |
|       | bank_mem_1_reg[8][15] |  -  |  1   |        |       |       |       |
|       | bank_mem_1_reg[8][14] |  -  |  1   |        |       |       |       |
|       | bank_mem_1_reg[8][13] |  -  |  1   |        |       |       |       |
|       | bank_mem_1_reg[8][12] |  -  |  1   |        |       |       |       |
|       | bank_mem_1_reg[8][11] |  -  |  1   |        |       |       |       |
|       | bank_mem_1_reg[8][10] |  -  |  1   |        |       |       |       |
|       | bank_mem_1_reg[8][9] |  -   |  1   |        |       |       |       |
|       | bank_mem_1_reg[8][8] |  -   |  1   |        |       |       |       |
|       | bank_mem_1_reg[8][7] |  -   |  1   |        |       |       |       |
|       | bank_mem_1_reg[8][6] |  -   |  1   |        |       |       |       |
|       | bank_mem_1_reg[8][5] |  -   |  1   |        |       |       |       |
|       | bank_mem_1_reg[8][4] |  -   |  1   |        |       |       |       |
|       | bank_mem_1_reg[8][3] |  -   |  1   |        |       |       |       |
|       | bank_mem_1_reg[8][2] |  -   |  1   |        |       |       |       |
|       | bank_mem_1_reg[8][1] |  -   |  1   |        |       |       |       |
|       | bank_mem_1_reg[8][0] |  -   |  1   |        |       |       |       |
| cg9   |                   |         |  22  |  yes   |  yes  |  yes  |  yes  |
|       | bank_mem_1_reg[9][21] |  -  |  1   |        |       |       |       |
|       | bank_mem_1_reg[9][20] |  -  |  1   |        |       |       |       |
|       | bank_mem_1_reg[9][19] |  -  |  1   |        |       |       |       |
|       | bank_mem_1_reg[9][18] |  -  |  1   |        |       |       |       |
|       | bank_mem_1_reg[9][17] |  -  |  1   |        |       |       |       |
|       | bank_mem_1_reg[9][16] |  -  |  1   |        |       |       |       |
|       | bank_mem_1_reg[9][15] |  -  |  1   |        |       |       |       |
|       | bank_mem_1_reg[9][14] |  -  |  1   |        |       |       |       |
|       | bank_mem_1_reg[9][13] |  -  |  1   |        |       |       |       |
|       | bank_mem_1_reg[9][12] |  -  |  1   |        |       |       |       |
|       | bank_mem_1_reg[9][11] |  -  |  1   |        |       |       |       |
|       | bank_mem_1_reg[9][10] |  -  |  1   |        |       |       |       |
|       | bank_mem_1_reg[9][9] |  -   |  1   |        |       |       |       |
|       | bank_mem_1_reg[9][8] |  -   |  1   |        |       |       |       |
|       | bank_mem_1_reg[9][7] |  -   |  1   |        |       |       |       |
|       | bank_mem_1_reg[9][6] |  -   |  1   |        |       |       |       |
|       | bank_mem_1_reg[9][5] |  -   |  1   |        |       |       |       |
|       | bank_mem_1_reg[9][4] |  -   |  1   |        |       |       |       |
|       | bank_mem_1_reg[9][3] |  -   |  1   |        |       |       |       |
|       | bank_mem_1_reg[9][2] |  -   |  1   |        |       |       |       |
|       | bank_mem_1_reg[9][1] |  -   |  1   |        |       |       |       |
|       | bank_mem_1_reg[9][0] |  -   |  1   |        |       |       |       |
| cg10  |                   |         |  22  |  yes   |  yes  |  yes  |  yes  |
|       | bank_mem_1_reg[10][21] | -  |  1   |        |       |       |       |
|       | bank_mem_1_reg[10][20] | -  |  1   |        |       |       |       |
|       | bank_mem_1_reg[10][19] | -  |  1   |        |       |       |       |
|       | bank_mem_1_reg[10][18] | -  |  1   |        |       |       |       |
|       | bank_mem_1_reg[10][17] | -  |  1   |        |       |       |       |
|       | bank_mem_1_reg[10][16] | -  |  1   |        |       |       |       |
|       | bank_mem_1_reg[10][15] | -  |  1   |        |       |       |       |
|       | bank_mem_1_reg[10][14] | -  |  1   |        |       |       |       |
|       | bank_mem_1_reg[10][13] | -  |  1   |        |       |       |       |
|       | bank_mem_1_reg[10][12] | -  |  1   |        |       |       |       |
|       | bank_mem_1_reg[10][11] | -  |  1   |        |       |       |       |
|       | bank_mem_1_reg[10][10] | -  |  1   |        |       |       |       |
|       | bank_mem_1_reg[10][9] |  -  |  1   |        |       |       |       |
|       | bank_mem_1_reg[10][8] |  -  |  1   |        |       |       |       |
|       | bank_mem_1_reg[10][7] |  -  |  1   |        |       |       |       |
|       | bank_mem_1_reg[10][6] |  -  |  1   |        |       |       |       |
|       | bank_mem_1_reg[10][5] |  -  |  1   |        |       |       |       |
|       | bank_mem_1_reg[10][4] |  -  |  1   |        |       |       |       |
|       | bank_mem_1_reg[10][3] |  -  |  1   |        |       |       |       |
|       | bank_mem_1_reg[10][2] |  -  |  1   |        |       |       |       |
|       | bank_mem_1_reg[10][1] |  -  |  1   |        |       |       |       |
|       | bank_mem_1_reg[10][0] |  -  |  1   |        |       |       |       |
| cg11  |                   |         |  22  |  yes   |  yes  |  yes  |  yes  |
|       | bank_mem_1_reg[11][21] | -  |  1   |        |       |       |       |
|       | bank_mem_1_reg[11][20] | -  |  1   |        |       |       |       |
|       | bank_mem_1_reg[11][19] | -  |  1   |        |       |       |       |
|       | bank_mem_1_reg[11][18] | -  |  1   |        |       |       |       |
|       | bank_mem_1_reg[11][17] | -  |  1   |        |       |       |       |
|       | bank_mem_1_reg[11][16] | -  |  1   |        |       |       |       |
|       | bank_mem_1_reg[11][15] | -  |  1   |        |       |       |       |
|       | bank_mem_1_reg[11][14] | -  |  1   |        |       |       |       |
|       | bank_mem_1_reg[11][13] | -  |  1   |        |       |       |       |
|       | bank_mem_1_reg[11][12] | -  |  1   |        |       |       |       |
|       | bank_mem_1_reg[11][11] | -  |  1   |        |       |       |       |
|       | bank_mem_1_reg[11][10] | -  |  1   |        |       |       |       |
|       | bank_mem_1_reg[11][9] |  -  |  1   |        |       |       |       |
|       | bank_mem_1_reg[11][8] |  -  |  1   |        |       |       |       |
|       | bank_mem_1_reg[11][7] |  -  |  1   |        |       |       |       |
|       | bank_mem_1_reg[11][6] |  -  |  1   |        |       |       |       |
|       | bank_mem_1_reg[11][5] |  -  |  1   |        |       |       |       |
|       | bank_mem_1_reg[11][4] |  -  |  1   |        |       |       |       |
|       | bank_mem_1_reg[11][3] |  -  |  1   |        |       |       |       |
|       | bank_mem_1_reg[11][2] |  -  |  1   |        |       |       |       |
|       | bank_mem_1_reg[11][1] |  -  |  1   |        |       |       |       |
|       | bank_mem_1_reg[11][0] |  -  |  1   |        |       |       |       |
| cg12  |                   |         |  22  |  yes   |  yes  |  yes  |  yes  |
|       | bank_mem_1_reg[12][21] | -  |  1   |        |       |       |       |
|       | bank_mem_1_reg[12][20] | -  |  1   |        |       |       |       |
|       | bank_mem_1_reg[12][19] | -  |  1   |        |       |       |       |
|       | bank_mem_1_reg[12][18] | -  |  1   |        |       |       |       |
|       | bank_mem_1_reg[12][17] | -  |  1   |        |       |       |       |
|       | bank_mem_1_reg[12][16] | -  |  1   |        |       |       |       |
|       | bank_mem_1_reg[12][15] | -  |  1   |        |       |       |       |
|       | bank_mem_1_reg[12][14] | -  |  1   |        |       |       |       |
|       | bank_mem_1_reg[12][13] | -  |  1   |        |       |       |       |
|       | bank_mem_1_reg[12][12] | -  |  1   |        |       |       |       |
|       | bank_mem_1_reg[12][11] | -  |  1   |        |       |       |       |
|       | bank_mem_1_reg[12][10] | -  |  1   |        |       |       |       |
|       | bank_mem_1_reg[12][9] |  -  |  1   |        |       |       |       |
|       | bank_mem_1_reg[12][8] |  -  |  1   |        |       |       |       |
|       | bank_mem_1_reg[12][7] |  -  |  1   |        |       |       |       |
|       | bank_mem_1_reg[12][6] |  -  |  1   |        |       |       |       |
|       | bank_mem_1_reg[12][5] |  -  |  1   |        |       |       |       |
|       | bank_mem_1_reg[12][4] |  -  |  1   |        |       |       |       |
|       | bank_mem_1_reg[12][3] |  -  |  1   |        |       |       |       |
|       | bank_mem_1_reg[12][2] |  -  |  1   |        |       |       |       |
|       | bank_mem_1_reg[12][1] |  -  |  1   |        |       |       |       |
|       | bank_mem_1_reg[12][0] |  -  |  1   |        |       |       |       |
| cg13  |                   |         |  22  |  yes   |  yes  |  yes  |  yes  |
|       | bank_mem_1_reg[13][21] | -  |  1   |        |       |       |       |
|       | bank_mem_1_reg[13][20] | -  |  1   |        |       |       |       |
|       | bank_mem_1_reg[13][19] | -  |  1   |        |       |       |       |
|       | bank_mem_1_reg[13][18] | -  |  1   |        |       |       |       |
|       | bank_mem_1_reg[13][17] | -  |  1   |        |       |       |       |
|       | bank_mem_1_reg[13][16] | -  |  1   |        |       |       |       |
|       | bank_mem_1_reg[13][15] | -  |  1   |        |       |       |       |
|       | bank_mem_1_reg[13][14] | -  |  1   |        |       |       |       |
|       | bank_mem_1_reg[13][13] | -  |  1   |        |       |       |       |
|       | bank_mem_1_reg[13][12] | -  |  1   |        |       |       |       |
|       | bank_mem_1_reg[13][11] | -  |  1   |        |       |       |       |
|       | bank_mem_1_reg[13][10] | -  |  1   |        |       |       |       |
|       | bank_mem_1_reg[13][9] |  -  |  1   |        |       |       |       |
|       | bank_mem_1_reg[13][8] |  -  |  1   |        |       |       |       |
|       | bank_mem_1_reg[13][7] |  -  |  1   |        |       |       |       |
|       | bank_mem_1_reg[13][6] |  -  |  1   |        |       |       |       |
|       | bank_mem_1_reg[13][5] |  -  |  1   |        |       |       |       |
|       | bank_mem_1_reg[13][4] |  -  |  1   |        |       |       |       |
|       | bank_mem_1_reg[13][3] |  -  |  1   |        |       |       |       |
|       | bank_mem_1_reg[13][2] |  -  |  1   |        |       |       |       |
|       | bank_mem_1_reg[13][1] |  -  |  1   |        |       |       |       |
|       | bank_mem_1_reg[13][0] |  -  |  1   |        |       |       |       |
| cg14  |                   |         |  22  |  yes   |  yes  |  yes  |  yes  |
|       | bank_mem_1_reg[14][21] | -  |  1   |        |       |       |       |
|       | bank_mem_1_reg[14][20] | -  |  1   |        |       |       |       |
|       | bank_mem_1_reg[14][19] | -  |  1   |        |       |       |       |
|       | bank_mem_1_reg[14][18] | -  |  1   |        |       |       |       |
|       | bank_mem_1_reg[14][17] | -  |  1   |        |       |       |       |
|       | bank_mem_1_reg[14][16] | -  |  1   |        |       |       |       |
|       | bank_mem_1_reg[14][15] | -  |  1   |        |       |       |       |
|       | bank_mem_1_reg[14][14] | -  |  1   |        |       |       |       |
|       | bank_mem_1_reg[14][13] | -  |  1   |        |       |       |       |
|       | bank_mem_1_reg[14][12] | -  |  1   |        |       |       |       |
|       | bank_mem_1_reg[14][11] | -  |  1   |        |       |       |       |
|       | bank_mem_1_reg[14][10] | -  |  1   |        |       |       |       |
|       | bank_mem_1_reg[14][9] |  -  |  1   |        |       |       |       |
|       | bank_mem_1_reg[14][8] |  -  |  1   |        |       |       |       |
|       | bank_mem_1_reg[14][7] |  -  |  1   |        |       |       |       |
|       | bank_mem_1_reg[14][6] |  -  |  1   |        |       |       |       |
|       | bank_mem_1_reg[14][5] |  -  |  1   |        |       |       |       |
|       | bank_mem_1_reg[14][4] |  -  |  1   |        |       |       |       |
|       | bank_mem_1_reg[14][3] |  -  |  1   |        |       |       |       |
|       | bank_mem_1_reg[14][2] |  -  |  1   |        |       |       |       |
|       | bank_mem_1_reg[14][1] |  -  |  1   |        |       |       |       |
|       | bank_mem_1_reg[14][0] |  -  |  1   |        |       |       |       |
| cg15  |                   |         |  22  |  yes   |  yes  |  yes  |  yes  |
|       | bank_mem_1_reg[15][21] | -  |  1   |        |       |       |       |
|       | bank_mem_1_reg[15][20] | -  |  1   |        |       |       |       |
|       | bank_mem_1_reg[15][19] | -  |  1   |        |       |       |       |
|       | bank_mem_1_reg[15][18] | -  |  1   |        |       |       |       |
|       | bank_mem_1_reg[15][17] | -  |  1   |        |       |       |       |
|       | bank_mem_1_reg[15][16] | -  |  1   |        |       |       |       |
|       | bank_mem_1_reg[15][15] | -  |  1   |        |       |       |       |
|       | bank_mem_1_reg[15][14] | -  |  1   |        |       |       |       |
|       | bank_mem_1_reg[15][13] | -  |  1   |        |       |       |       |
|       | bank_mem_1_reg[15][12] | -  |  1   |        |       |       |       |
|       | bank_mem_1_reg[15][11] | -  |  1   |        |       |       |       |
|       | bank_mem_1_reg[15][10] | -  |  1   |        |       |       |       |
|       | bank_mem_1_reg[15][9] |  -  |  1   |        |       |       |       |
|       | bank_mem_1_reg[15][8] |  -  |  1   |        |       |       |       |
|       | bank_mem_1_reg[15][7] |  -  |  1   |        |       |       |       |
|       | bank_mem_1_reg[15][6] |  -  |  1   |        |       |       |       |
|       | bank_mem_1_reg[15][5] |  -  |  1   |        |       |       |       |
|       | bank_mem_1_reg[15][4] |  -  |  1   |        |       |       |       |
|       | bank_mem_1_reg[15][3] |  -  |  1   |        |       |       |       |
|       | bank_mem_1_reg[15][2] |  -  |  1   |        |       |       |       |
|       | bank_mem_1_reg[15][1] |  -  |  1   |        |       |       |       |
|       | bank_mem_1_reg[15][0] |  -  |  1   |        |       |       |       |
| cg16  |                   |         |  22  |  yes   |  yes  |  yes  |  yes  |
|       | bank_mem_0_reg[0][21] |  -  |  1   |        |       |       |       |
|       | bank_mem_0_reg[0][20] |  -  |  1   |        |       |       |       |
|       | bank_mem_0_reg[0][19] |  -  |  1   |        |       |       |       |
|       | bank_mem_0_reg[0][18] |  -  |  1   |        |       |       |       |
|       | bank_mem_0_reg[0][17] |  -  |  1   |        |       |       |       |
|       | bank_mem_0_reg[0][16] |  -  |  1   |        |       |       |       |
|       | bank_mem_0_reg[0][15] |  -  |  1   |        |       |       |       |
|       | bank_mem_0_reg[0][14] |  -  |  1   |        |       |       |       |
|       | bank_mem_0_reg[0][13] |  -  |  1   |        |       |       |       |
|       | bank_mem_0_reg[0][12] |  -  |  1   |        |       |       |       |
|       | bank_mem_0_reg[0][11] |  -  |  1   |        |       |       |       |
|       | bank_mem_0_reg[0][10] |  -  |  1   |        |       |       |       |
|       | bank_mem_0_reg[0][9] |  -   |  1   |        |       |       |       |
|       | bank_mem_0_reg[0][8] |  -   |  1   |        |       |       |       |
|       | bank_mem_0_reg[0][7] |  -   |  1   |        |       |       |       |
|       | bank_mem_0_reg[0][6] |  -   |  1   |        |       |       |       |
|       | bank_mem_0_reg[0][5] |  -   |  1   |        |       |       |       |
|       | bank_mem_0_reg[0][4] |  -   |  1   |        |       |       |       |
|       | bank_mem_0_reg[0][3] |  -   |  1   |        |       |       |       |
|       | bank_mem_0_reg[0][2] |  -   |  1   |        |       |       |       |
|       | bank_mem_0_reg[0][1] |  -   |  1   |        |       |       |       |
|       | bank_mem_0_reg[0][0] |  -   |  1   |        |       |       |       |
| cg17  |                   |         |  22  |  yes   |  yes  |  yes  |  yes  |
|       | bank_mem_0_reg[1][21] |  -  |  1   |        |       |       |       |
|       | bank_mem_0_reg[1][20] |  -  |  1   |        |       |       |       |
|       | bank_mem_0_reg[1][19] |  -  |  1   |        |       |       |       |
|       | bank_mem_0_reg[1][18] |  -  |  1   |        |       |       |       |
|       | bank_mem_0_reg[1][17] |  -  |  1   |        |       |       |       |
|       | bank_mem_0_reg[1][16] |  -  |  1   |        |       |       |       |
|       | bank_mem_0_reg[1][15] |  -  |  1   |        |       |       |       |
|       | bank_mem_0_reg[1][14] |  -  |  1   |        |       |       |       |
|       | bank_mem_0_reg[1][13] |  -  |  1   |        |       |       |       |
|       | bank_mem_0_reg[1][12] |  -  |  1   |        |       |       |       |
|       | bank_mem_0_reg[1][11] |  -  |  1   |        |       |       |       |
|       | bank_mem_0_reg[1][10] |  -  |  1   |        |       |       |       |
|       | bank_mem_0_reg[1][9] |  -   |  1   |        |       |       |       |
|       | bank_mem_0_reg[1][8] |  -   |  1   |        |       |       |       |
|       | bank_mem_0_reg[1][7] |  -   |  1   |        |       |       |       |
|       | bank_mem_0_reg[1][6] |  -   |  1   |        |       |       |       |
|       | bank_mem_0_reg[1][5] |  -   |  1   |        |       |       |       |
|       | bank_mem_0_reg[1][4] |  -   |  1   |        |       |       |       |
|       | bank_mem_0_reg[1][3] |  -   |  1   |        |       |       |       |
|       | bank_mem_0_reg[1][2] |  -   |  1   |        |       |       |       |
|       | bank_mem_0_reg[1][1] |  -   |  1   |        |       |       |       |
|       | bank_mem_0_reg[1][0] |  -   |  1   |        |       |       |       |
| cg18  |                   |         |  22  |  yes   |  yes  |  yes  |  yes  |
|       | bank_mem_0_reg[2][21] |  -  |  1   |        |       |       |       |
|       | bank_mem_0_reg[2][20] |  -  |  1   |        |       |       |       |
|       | bank_mem_0_reg[2][19] |  -  |  1   |        |       |       |       |
|       | bank_mem_0_reg[2][18] |  -  |  1   |        |       |       |       |
|       | bank_mem_0_reg[2][17] |  -  |  1   |        |       |       |       |
|       | bank_mem_0_reg[2][16] |  -  |  1   |        |       |       |       |
|       | bank_mem_0_reg[2][15] |  -  |  1   |        |       |       |       |
|       | bank_mem_0_reg[2][14] |  -  |  1   |        |       |       |       |
|       | bank_mem_0_reg[2][13] |  -  |  1   |        |       |       |       |
|       | bank_mem_0_reg[2][12] |  -  |  1   |        |       |       |       |
|       | bank_mem_0_reg[2][11] |  -  |  1   |        |       |       |       |
|       | bank_mem_0_reg[2][10] |  -  |  1   |        |       |       |       |
|       | bank_mem_0_reg[2][9] |  -   |  1   |        |       |       |       |
|       | bank_mem_0_reg[2][8] |  -   |  1   |        |       |       |       |
|       | bank_mem_0_reg[2][7] |  -   |  1   |        |       |       |       |
|       | bank_mem_0_reg[2][6] |  -   |  1   |        |       |       |       |
|       | bank_mem_0_reg[2][5] |  -   |  1   |        |       |       |       |
|       | bank_mem_0_reg[2][4] |  -   |  1   |        |       |       |       |
|       | bank_mem_0_reg[2][3] |  -   |  1   |        |       |       |       |
|       | bank_mem_0_reg[2][2] |  -   |  1   |        |       |       |       |
|       | bank_mem_0_reg[2][1] |  -   |  1   |        |       |       |       |
|       | bank_mem_0_reg[2][0] |  -   |  1   |        |       |       |       |
| cg19  |                   |         |  22  |  yes   |  yes  |  yes  |  yes  |
|       | bank_mem_0_reg[3][21] |  -  |  1   |        |       |       |       |
|       | bank_mem_0_reg[3][20] |  -  |  1   |        |       |       |       |
|       | bank_mem_0_reg[3][19] |  -  |  1   |        |       |       |       |
|       | bank_mem_0_reg[3][18] |  -  |  1   |        |       |       |       |
|       | bank_mem_0_reg[3][17] |  -  |  1   |        |       |       |       |
|       | bank_mem_0_reg[3][16] |  -  |  1   |        |       |       |       |
|       | bank_mem_0_reg[3][15] |  -  |  1   |        |       |       |       |
|       | bank_mem_0_reg[3][14] |  -  |  1   |        |       |       |       |
|       | bank_mem_0_reg[3][13] |  -  |  1   |        |       |       |       |
|       | bank_mem_0_reg[3][12] |  -  |  1   |        |       |       |       |
|       | bank_mem_0_reg[3][11] |  -  |  1   |        |       |       |       |
|       | bank_mem_0_reg[3][10] |  -  |  1   |        |       |       |       |
|       | bank_mem_0_reg[3][9] |  -   |  1   |        |       |       |       |
|       | bank_mem_0_reg[3][8] |  -   |  1   |        |       |       |       |
|       | bank_mem_0_reg[3][7] |  -   |  1   |        |       |       |       |
|       | bank_mem_0_reg[3][6] |  -   |  1   |        |       |       |       |
|       | bank_mem_0_reg[3][5] |  -   |  1   |        |       |       |       |
|       | bank_mem_0_reg[3][4] |  -   |  1   |        |       |       |       |
|       | bank_mem_0_reg[3][3] |  -   |  1   |        |       |       |       |
|       | bank_mem_0_reg[3][2] |  -   |  1   |        |       |       |       |
|       | bank_mem_0_reg[3][1] |  -   |  1   |        |       |       |       |
|       | bank_mem_0_reg[3][0] |  -   |  1   |        |       |       |       |
| cg20  |                   |         |  22  |  yes   |  yes  |  yes  |  yes  |
|       | bank_mem_0_reg[4][21] |  -  |  1   |        |       |       |       |
|       | bank_mem_0_reg[4][20] |  -  |  1   |        |       |       |       |
|       | bank_mem_0_reg[4][19] |  -  |  1   |        |       |       |       |
|       | bank_mem_0_reg[4][18] |  -  |  1   |        |       |       |       |
|       | bank_mem_0_reg[4][17] |  -  |  1   |        |       |       |       |
|       | bank_mem_0_reg[4][16] |  -  |  1   |        |       |       |       |
|       | bank_mem_0_reg[4][15] |  -  |  1   |        |       |       |       |
|       | bank_mem_0_reg[4][14] |  -  |  1   |        |       |       |       |
|       | bank_mem_0_reg[4][13] |  -  |  1   |        |       |       |       |
|       | bank_mem_0_reg[4][12] |  -  |  1   |        |       |       |       |
|       | bank_mem_0_reg[4][11] |  -  |  1   |        |       |       |       |
|       | bank_mem_0_reg[4][10] |  -  |  1   |        |       |       |       |
|       | bank_mem_0_reg[4][9] |  -   |  1   |        |       |       |       |
|       | bank_mem_0_reg[4][8] |  -   |  1   |        |       |       |       |
|       | bank_mem_0_reg[4][7] |  -   |  1   |        |       |       |       |
|       | bank_mem_0_reg[4][6] |  -   |  1   |        |       |       |       |
|       | bank_mem_0_reg[4][5] |  -   |  1   |        |       |       |       |
|       | bank_mem_0_reg[4][4] |  -   |  1   |        |       |       |       |
|       | bank_mem_0_reg[4][3] |  -   |  1   |        |       |       |       |
|       | bank_mem_0_reg[4][2] |  -   |  1   |        |       |       |       |
|       | bank_mem_0_reg[4][1] |  -   |  1   |        |       |       |       |
|       | bank_mem_0_reg[4][0] |  -   |  1   |        |       |       |       |
| cg21  |                   |         |  22  |  yes   |  yes  |  yes  |  yes  |
|       | bank_mem_0_reg[5][21] |  -  |  1   |        |       |       |       |
|       | bank_mem_0_reg[5][20] |  -  |  1   |        |       |       |       |
|       | bank_mem_0_reg[5][19] |  -  |  1   |        |       |       |       |
|       | bank_mem_0_reg[5][18] |  -  |  1   |        |       |       |       |
|       | bank_mem_0_reg[5][17] |  -  |  1   |        |       |       |       |
|       | bank_mem_0_reg[5][16] |  -  |  1   |        |       |       |       |
|       | bank_mem_0_reg[5][15] |  -  |  1   |        |       |       |       |
|       | bank_mem_0_reg[5][14] |  -  |  1   |        |       |       |       |
|       | bank_mem_0_reg[5][13] |  -  |  1   |        |       |       |       |
|       | bank_mem_0_reg[5][12] |  -  |  1   |        |       |       |       |
|       | bank_mem_0_reg[5][11] |  -  |  1   |        |       |       |       |
|       | bank_mem_0_reg[5][10] |  -  |  1   |        |       |       |       |
|       | bank_mem_0_reg[5][9] |  -   |  1   |        |       |       |       |
|       | bank_mem_0_reg[5][8] |  -   |  1   |        |       |       |       |
|       | bank_mem_0_reg[5][7] |  -   |  1   |        |       |       |       |
|       | bank_mem_0_reg[5][6] |  -   |  1   |        |       |       |       |
|       | bank_mem_0_reg[5][5] |  -   |  1   |        |       |       |       |
|       | bank_mem_0_reg[5][4] |  -   |  1   |        |       |       |       |
|       | bank_mem_0_reg[5][3] |  -   |  1   |        |       |       |       |
|       | bank_mem_0_reg[5][2] |  -   |  1   |        |       |       |       |
|       | bank_mem_0_reg[5][1] |  -   |  1   |        |       |       |       |
|       | bank_mem_0_reg[5][0] |  -   |  1   |        |       |       |       |
| cg22  |                   |         |  22  |  yes   |  yes  |  yes  |  yes  |
|       | bank_mem_0_reg[6][21] |  -  |  1   |        |       |       |       |
|       | bank_mem_0_reg[6][20] |  -  |  1   |        |       |       |       |
|       | bank_mem_0_reg[6][19] |  -  |  1   |        |       |       |       |
|       | bank_mem_0_reg[6][18] |  -  |  1   |        |       |       |       |
|       | bank_mem_0_reg[6][17] |  -  |  1   |        |       |       |       |
|       | bank_mem_0_reg[6][16] |  -  |  1   |        |       |       |       |
|       | bank_mem_0_reg[6][15] |  -  |  1   |        |       |       |       |
|       | bank_mem_0_reg[6][14] |  -  |  1   |        |       |       |       |
|       | bank_mem_0_reg[6][13] |  -  |  1   |        |       |       |       |
|       | bank_mem_0_reg[6][12] |  -  |  1   |        |       |       |       |
|       | bank_mem_0_reg[6][11] |  -  |  1   |        |       |       |       |
|       | bank_mem_0_reg[6][10] |  -  |  1   |        |       |       |       |
|       | bank_mem_0_reg[6][9] |  -   |  1   |        |       |       |       |
|       | bank_mem_0_reg[6][8] |  -   |  1   |        |       |       |       |
|       | bank_mem_0_reg[6][7] |  -   |  1   |        |       |       |       |
|       | bank_mem_0_reg[6][6] |  -   |  1   |        |       |       |       |
|       | bank_mem_0_reg[6][5] |  -   |  1   |        |       |       |       |
|       | bank_mem_0_reg[6][4] |  -   |  1   |        |       |       |       |
|       | bank_mem_0_reg[6][3] |  -   |  1   |        |       |       |       |
|       | bank_mem_0_reg[6][2] |  -   |  1   |        |       |       |       |
|       | bank_mem_0_reg[6][1] |  -   |  1   |        |       |       |       |
|       | bank_mem_0_reg[6][0] |  -   |  1   |        |       |       |       |
| cg23  |                   |         |  22  |  yes   |  yes  |  yes  |  yes  |
|       | bank_mem_0_reg[7][21] |  -  |  1   |        |       |       |       |
|       | bank_mem_0_reg[7][20] |  -  |  1   |        |       |       |       |
|       | bank_mem_0_reg[7][19] |  -  |  1   |        |       |       |       |
|       | bank_mem_0_reg[7][18] |  -  |  1   |        |       |       |       |
|       | bank_mem_0_reg[7][17] |  -  |  1   |        |       |       |       |
|       | bank_mem_0_reg[7][16] |  -  |  1   |        |       |       |       |
|       | bank_mem_0_reg[7][15] |  -  |  1   |        |       |       |       |
|       | bank_mem_0_reg[7][14] |  -  |  1   |        |       |       |       |
|       | bank_mem_0_reg[7][13] |  -  |  1   |        |       |       |       |
|       | bank_mem_0_reg[7][12] |  -  |  1   |        |       |       |       |
|       | bank_mem_0_reg[7][11] |  -  |  1   |        |       |       |       |
|       | bank_mem_0_reg[7][10] |  -  |  1   |        |       |       |       |
|       | bank_mem_0_reg[7][9] |  -   |  1   |        |       |       |       |
|       | bank_mem_0_reg[7][8] |  -   |  1   |        |       |       |       |
|       | bank_mem_0_reg[7][7] |  -   |  1   |        |       |       |       |
|       | bank_mem_0_reg[7][6] |  -   |  1   |        |       |       |       |
|       | bank_mem_0_reg[7][5] |  -   |  1   |        |       |       |       |
|       | bank_mem_0_reg[7][4] |  -   |  1   |        |       |       |       |
|       | bank_mem_0_reg[7][3] |  -   |  1   |        |       |       |       |
|       | bank_mem_0_reg[7][2] |  -   |  1   |        |       |       |       |
|       | bank_mem_0_reg[7][1] |  -   |  1   |        |       |       |       |
|       | bank_mem_0_reg[7][0] |  -   |  1   |        |       |       |       |
| cg24  |                   |         |  22  |  yes   |  yes  |  yes  |  yes  |
|       | bank_mem_0_reg[8][21] |  -  |  1   |        |       |       |       |
|       | bank_mem_0_reg[8][20] |  -  |  1   |        |       |       |       |
|       | bank_mem_0_reg[8][19] |  -  |  1   |        |       |       |       |
|       | bank_mem_0_reg[8][18] |  -  |  1   |        |       |       |       |
|       | bank_mem_0_reg[8][17] |  -  |  1   |        |       |       |       |
|       | bank_mem_0_reg[8][16] |  -  |  1   |        |       |       |       |
|       | bank_mem_0_reg[8][15] |  -  |  1   |        |       |       |       |
|       | bank_mem_0_reg[8][14] |  -  |  1   |        |       |       |       |
|       | bank_mem_0_reg[8][13] |  -  |  1   |        |       |       |       |
|       | bank_mem_0_reg[8][12] |  -  |  1   |        |       |       |       |
|       | bank_mem_0_reg[8][11] |  -  |  1   |        |       |       |       |
|       | bank_mem_0_reg[8][10] |  -  |  1   |        |       |       |       |
|       | bank_mem_0_reg[8][9] |  -   |  1   |        |       |       |       |
|       | bank_mem_0_reg[8][8] |  -   |  1   |        |       |       |       |
|       | bank_mem_0_reg[8][7] |  -   |  1   |        |       |       |       |
|       | bank_mem_0_reg[8][6] |  -   |  1   |        |       |       |       |
|       | bank_mem_0_reg[8][5] |  -   |  1   |        |       |       |       |
|       | bank_mem_0_reg[8][4] |  -   |  1   |        |       |       |       |
|       | bank_mem_0_reg[8][3] |  -   |  1   |        |       |       |       |
|       | bank_mem_0_reg[8][2] |  -   |  1   |        |       |       |       |
|       | bank_mem_0_reg[8][1] |  -   |  1   |        |       |       |       |
|       | bank_mem_0_reg[8][0] |  -   |  1   |        |       |       |       |
| cg25  |                   |         |  22  |  yes   |  yes  |  yes  |  yes  |
|       | bank_mem_0_reg[9][21] |  -  |  1   |        |       |       |       |
|       | bank_mem_0_reg[9][20] |  -  |  1   |        |       |       |       |
|       | bank_mem_0_reg[9][19] |  -  |  1   |        |       |       |       |
|       | bank_mem_0_reg[9][18] |  -  |  1   |        |       |       |       |
|       | bank_mem_0_reg[9][17] |  -  |  1   |        |       |       |       |
|       | bank_mem_0_reg[9][16] |  -  |  1   |        |       |       |       |
|       | bank_mem_0_reg[9][15] |  -  |  1   |        |       |       |       |
|       | bank_mem_0_reg[9][14] |  -  |  1   |        |       |       |       |
|       | bank_mem_0_reg[9][13] |  -  |  1   |        |       |       |       |
|       | bank_mem_0_reg[9][12] |  -  |  1   |        |       |       |       |
|       | bank_mem_0_reg[9][11] |  -  |  1   |        |       |       |       |
|       | bank_mem_0_reg[9][10] |  -  |  1   |        |       |       |       |
|       | bank_mem_0_reg[9][9] |  -   |  1   |        |       |       |       |
|       | bank_mem_0_reg[9][8] |  -   |  1   |        |       |       |       |
|       | bank_mem_0_reg[9][7] |  -   |  1   |        |       |       |       |
|       | bank_mem_0_reg[9][6] |  -   |  1   |        |       |       |       |
|       | bank_mem_0_reg[9][5] |  -   |  1   |        |       |       |       |
|       | bank_mem_0_reg[9][4] |  -   |  1   |        |       |       |       |
|       | bank_mem_0_reg[9][3] |  -   |  1   |        |       |       |       |
|       | bank_mem_0_reg[9][2] |  -   |  1   |        |       |       |       |
|       | bank_mem_0_reg[9][1] |  -   |  1   |        |       |       |       |
|       | bank_mem_0_reg[9][0] |  -   |  1   |        |       |       |       |
| cg26  |                   |         |  22  |  yes   |  yes  |  yes  |  yes  |
|       | bank_mem_0_reg[10][21] | -  |  1   |        |       |       |       |
|       | bank_mem_0_reg[10][20] | -  |  1   |        |       |       |       |
|       | bank_mem_0_reg[10][19] | -  |  1   |        |       |       |       |
|       | bank_mem_0_reg[10][18] | -  |  1   |        |       |       |       |
|       | bank_mem_0_reg[10][17] | -  |  1   |        |       |       |       |
|       | bank_mem_0_reg[10][16] | -  |  1   |        |       |       |       |
|       | bank_mem_0_reg[10][15] | -  |  1   |        |       |       |       |
|       | bank_mem_0_reg[10][14] | -  |  1   |        |       |       |       |
|       | bank_mem_0_reg[10][13] | -  |  1   |        |       |       |       |
|       | bank_mem_0_reg[10][12] | -  |  1   |        |       |       |       |
|       | bank_mem_0_reg[10][11] | -  |  1   |        |       |       |       |
|       | bank_mem_0_reg[10][10] | -  |  1   |        |       |       |       |
|       | bank_mem_0_reg[10][9] |  -  |  1   |        |       |       |       |
|       | bank_mem_0_reg[10][8] |  -  |  1   |        |       |       |       |
|       | bank_mem_0_reg[10][7] |  -  |  1   |        |       |       |       |
|       | bank_mem_0_reg[10][6] |  -  |  1   |        |       |       |       |
|       | bank_mem_0_reg[10][5] |  -  |  1   |        |       |       |       |
|       | bank_mem_0_reg[10][4] |  -  |  1   |        |       |       |       |
|       | bank_mem_0_reg[10][3] |  -  |  1   |        |       |       |       |
|       | bank_mem_0_reg[10][2] |  -  |  1   |        |       |       |       |
|       | bank_mem_0_reg[10][1] |  -  |  1   |        |       |       |       |
|       | bank_mem_0_reg[10][0] |  -  |  1   |        |       |       |       |
| cg27  |                   |         |  22  |  yes   |  yes  |  yes  |  yes  |
|       | bank_mem_0_reg[11][21] | -  |  1   |        |       |       |       |
|       | bank_mem_0_reg[11][20] | -  |  1   |        |       |       |       |
|       | bank_mem_0_reg[11][19] | -  |  1   |        |       |       |       |
|       | bank_mem_0_reg[11][18] | -  |  1   |        |       |       |       |
|       | bank_mem_0_reg[11][17] | -  |  1   |        |       |       |       |
|       | bank_mem_0_reg[11][16] | -  |  1   |        |       |       |       |
|       | bank_mem_0_reg[11][15] | -  |  1   |        |       |       |       |
|       | bank_mem_0_reg[11][14] | -  |  1   |        |       |       |       |
|       | bank_mem_0_reg[11][13] | -  |  1   |        |       |       |       |
|       | bank_mem_0_reg[11][12] | -  |  1   |        |       |       |       |
|       | bank_mem_0_reg[11][11] | -  |  1   |        |       |       |       |
|       | bank_mem_0_reg[11][10] | -  |  1   |        |       |       |       |
|       | bank_mem_0_reg[11][9] |  -  |  1   |        |       |       |       |
|       | bank_mem_0_reg[11][8] |  -  |  1   |        |       |       |       |
|       | bank_mem_0_reg[11][7] |  -  |  1   |        |       |       |       |
|       | bank_mem_0_reg[11][6] |  -  |  1   |        |       |       |       |
|       | bank_mem_0_reg[11][5] |  -  |  1   |        |       |       |       |
|       | bank_mem_0_reg[11][4] |  -  |  1   |        |       |       |       |
|       | bank_mem_0_reg[11][3] |  -  |  1   |        |       |       |       |
|       | bank_mem_0_reg[11][2] |  -  |  1   |        |       |       |       |
|       | bank_mem_0_reg[11][1] |  -  |  1   |        |       |       |       |
|       | bank_mem_0_reg[11][0] |  -  |  1   |        |       |       |       |
| cg28  |                   |         |  22  |  yes   |  yes  |  yes  |  yes  |
|       | bank_mem_0_reg[12][21] | -  |  1   |        |       |       |       |
|       | bank_mem_0_reg[12][20] | -  |  1   |        |       |       |       |
|       | bank_mem_0_reg[12][19] | -  |  1   |        |       |       |       |
|       | bank_mem_0_reg[12][18] | -  |  1   |        |       |       |       |
|       | bank_mem_0_reg[12][17] | -  |  1   |        |       |       |       |
|       | bank_mem_0_reg[12][16] | -  |  1   |        |       |       |       |
|       | bank_mem_0_reg[12][15] | -  |  1   |        |       |       |       |
|       | bank_mem_0_reg[12][14] | -  |  1   |        |       |       |       |
|       | bank_mem_0_reg[12][13] | -  |  1   |        |       |       |       |
|       | bank_mem_0_reg[12][12] | -  |  1   |        |       |       |       |
|       | bank_mem_0_reg[12][11] | -  |  1   |        |       |       |       |
|       | bank_mem_0_reg[12][10] | -  |  1   |        |       |       |       |
|       | bank_mem_0_reg[12][9] |  -  |  1   |        |       |       |       |
|       | bank_mem_0_reg[12][8] |  -  |  1   |        |       |       |       |
|       | bank_mem_0_reg[12][7] |  -  |  1   |        |       |       |       |
|       | bank_mem_0_reg[12][6] |  -  |  1   |        |       |       |       |
|       | bank_mem_0_reg[12][5] |  -  |  1   |        |       |       |       |
|       | bank_mem_0_reg[12][4] |  -  |  1   |        |       |       |       |
|       | bank_mem_0_reg[12][3] |  -  |  1   |        |       |       |       |
|       | bank_mem_0_reg[12][2] |  -  |  1   |        |       |       |       |
|       | bank_mem_0_reg[12][1] |  -  |  1   |        |       |       |       |
|       | bank_mem_0_reg[12][0] |  -  |  1   |        |       |       |       |
| cg29  |                   |         |  22  |  yes   |  yes  |  yes  |  yes  |
|       | bank_mem_0_reg[13][21] | -  |  1   |        |       |       |       |
|       | bank_mem_0_reg[13][20] | -  |  1   |        |       |       |       |
|       | bank_mem_0_reg[13][19] | -  |  1   |        |       |       |       |
|       | bank_mem_0_reg[13][18] | -  |  1   |        |       |       |       |
|       | bank_mem_0_reg[13][17] | -  |  1   |        |       |       |       |
|       | bank_mem_0_reg[13][16] | -  |  1   |        |       |       |       |
|       | bank_mem_0_reg[13][15] | -  |  1   |        |       |       |       |
|       | bank_mem_0_reg[13][14] | -  |  1   |        |       |       |       |
|       | bank_mem_0_reg[13][13] | -  |  1   |        |       |       |       |
|       | bank_mem_0_reg[13][12] | -  |  1   |        |       |       |       |
|       | bank_mem_0_reg[13][11] | -  |  1   |        |       |       |       |
|       | bank_mem_0_reg[13][10] | -  |  1   |        |       |       |       |
|       | bank_mem_0_reg[13][9] |  -  |  1   |        |       |       |       |
|       | bank_mem_0_reg[13][8] |  -  |  1   |        |       |       |       |
|       | bank_mem_0_reg[13][7] |  -  |  1   |        |       |       |       |
|       | bank_mem_0_reg[13][6] |  -  |  1   |        |       |       |       |
|       | bank_mem_0_reg[13][5] |  -  |  1   |        |       |       |       |
|       | bank_mem_0_reg[13][4] |  -  |  1   |        |       |       |       |
|       | bank_mem_0_reg[13][3] |  -  |  1   |        |       |       |       |
|       | bank_mem_0_reg[13][2] |  -  |  1   |        |       |       |       |
|       | bank_mem_0_reg[13][1] |  -  |  1   |        |       |       |       |
|       | bank_mem_0_reg[13][0] |  -  |  1   |        |       |       |       |
| cg30  |                   |         |  22  |  yes   |  yes  |  yes  |  yes  |
|       | bank_mem_0_reg[14][21] | -  |  1   |        |       |       |       |
|       | bank_mem_0_reg[14][20] | -  |  1   |        |       |       |       |
|       | bank_mem_0_reg[14][19] | -  |  1   |        |       |       |       |
|       | bank_mem_0_reg[14][18] | -  |  1   |        |       |       |       |
|       | bank_mem_0_reg[14][17] | -  |  1   |        |       |       |       |
|       | bank_mem_0_reg[14][16] | -  |  1   |        |       |       |       |
|       | bank_mem_0_reg[14][15] | -  |  1   |        |       |       |       |
|       | bank_mem_0_reg[14][14] | -  |  1   |        |       |       |       |
|       | bank_mem_0_reg[14][13] | -  |  1   |        |       |       |       |
|       | bank_mem_0_reg[14][12] | -  |  1   |        |       |       |       |
|       | bank_mem_0_reg[14][11] | -  |  1   |        |       |       |       |
|       | bank_mem_0_reg[14][10] | -  |  1   |        |       |       |       |
|       | bank_mem_0_reg[14][9] |  -  |  1   |        |       |       |       |
|       | bank_mem_0_reg[14][8] |  -  |  1   |        |       |       |       |
|       | bank_mem_0_reg[14][7] |  -  |  1   |        |       |       |       |
|       | bank_mem_0_reg[14][6] |  -  |  1   |        |       |       |       |
|       | bank_mem_0_reg[14][5] |  -  |  1   |        |       |       |       |
|       | bank_mem_0_reg[14][4] |  -  |  1   |        |       |       |       |
|       | bank_mem_0_reg[14][3] |  -  |  1   |        |       |       |       |
|       | bank_mem_0_reg[14][2] |  -  |  1   |        |       |       |       |
|       | bank_mem_0_reg[14][1] |  -  |  1   |        |       |       |       |
|       | bank_mem_0_reg[14][0] |  -  |  1   |        |       |       |       |
| cg31  |                   |         |  22  |  yes   |  yes  |  yes  |  yes  |
|       | bank_mem_0_reg[15][21] | -  |  1   |        |       |       |       |
|       | bank_mem_0_reg[15][20] | -  |  1   |        |       |       |       |
|       | bank_mem_0_reg[15][19] | -  |  1   |        |       |       |       |
|       | bank_mem_0_reg[15][18] | -  |  1   |        |       |       |       |
|       | bank_mem_0_reg[15][17] | -  |  1   |        |       |       |       |
|       | bank_mem_0_reg[15][16] | -  |  1   |        |       |       |       |
|       | bank_mem_0_reg[15][15] | -  |  1   |        |       |       |       |
|       | bank_mem_0_reg[15][14] | -  |  1   |        |       |       |       |
|       | bank_mem_0_reg[15][13] | -  |  1   |        |       |       |       |
|       | bank_mem_0_reg[15][12] | -  |  1   |        |       |       |       |
|       | bank_mem_0_reg[15][11] | -  |  1   |        |       |       |       |
|       | bank_mem_0_reg[15][10] | -  |  1   |        |       |       |       |
|       | bank_mem_0_reg[15][9] |  -  |  1   |        |       |       |       |
|       | bank_mem_0_reg[15][8] |  -  |  1   |        |       |       |       |
|       | bank_mem_0_reg[15][7] |  -  |  1   |        |       |       |       |
|       | bank_mem_0_reg[15][6] |  -  |  1   |        |       |       |       |
|       | bank_mem_0_reg[15][5] |  -  |  1   |        |       |       |       |
|       | bank_mem_0_reg[15][4] |  -  |  1   |        |       |       |       |
|       | bank_mem_0_reg[15][3] |  -  |  1   |        |       |       |       |
|       | bank_mem_0_reg[15][2] |  -  |  1   |        |       |       |       |
|       | bank_mem_0_reg[15][1] |  -  |  1   |        |       |       |       |
|       | bank_mem_0_reg[15][0] |  -  |  1   |        |       |       |       |
|       |                   |         |      |        |       |       |       |
|       | UNGATED REGISTERS |         |      |        |       |       |       |
|       | read_data_1_reg[21] |   -   |  1   |   no   |  ??   |  ??   |  no   |
|       | read_data_1_reg[20] |   -   |  1   |   no   |  ??   |  ??   |  no   |
|       | read_data_1_reg[19] |   -   |  1   |   no   |  ??   |  ??   |  no   |
|       | read_data_1_reg[18] |   -   |  1   |   no   |  ??   |  ??   |  no   |
|       | read_data_1_reg[17] |   -   |  1   |   no   |  ??   |  ??   |  no   |
|       | read_data_1_reg[16] |   -   |  1   |   no   |  ??   |  ??   |  no   |
|       | read_data_1_reg[15] |   -   |  1   |   no   |  ??   |  ??   |  no   |
|       | read_data_1_reg[14] |   -   |  1   |   no   |  ??   |  ??   |  no   |
|       | read_data_1_reg[13] |   -   |  1   |   no   |  ??   |  ??   |  no   |
|       | read_data_1_reg[12] |   -   |  1   |   no   |  ??   |  ??   |  no   |
|       | read_data_1_reg[11] |   -   |  1   |   no   |  ??   |  ??   |  no   |
|       | read_data_1_reg[10] |   -   |  1   |   no   |  ??   |  ??   |  no   |
|       | read_data_1_reg[9] |   -    |  1   |   no   |  ??   |  ??   |  no   |
|       | read_data_1_reg[8] |   -    |  1   |   no   |  ??   |  ??   |  no   |
|       | read_data_1_reg[7] |   -    |  1   |   no   |  ??   |  ??   |  no   |
|       | read_data_1_reg[6] |   -    |  1   |   no   |  ??   |  ??   |  no   |
|       | read_data_1_reg[5] |   -    |  1   |   no   |  ??   |  ??   |  no   |
|       | read_data_1_reg[4] |   -    |  1   |   no   |  ??   |  ??   |  no   |
|       | read_data_1_reg[3] |   -    |  1   |   no   |  ??   |  ??   |  no   |
|       | read_data_1_reg[2] |   -    |  1   |   no   |  ??   |  ??   |  no   |
|       | read_data_1_reg[1] |   -    |  1   |   no   |  ??   |  ??   |  no   |
|       | read_data_1_reg[0] |   -    |  1   |   no   |  ??   |  ??   |  no   |
===============================================================================

Summary:
Flip-Flops                        Banks                   Bit-Width
                              number  percentage      number  percentage
Clock gated (total):            32           96        704           96
Clock not gated because
   Bank was excluded:            0            0          0            0
   Bank width too small:         0            0          0            0
   Enable condition not met:     1            3         22            3
   Setup condition violated:     0            0          0            0
Total:                          33          100        726          100


Information: Performing clock-gating on design RegFileDual_DATA_WIDTH34


Clock Gate Insertion Report
===============================================================================
| Gated |                   | Include |      | Enable | Setup | Width | Clock |
| Group |  Flip-Flop Name   | Exclude | Bits | Cond.  | Cond. | Cond. | Gated |
===============================================================================
|       |                   |         |      |        |       |       |       |
|       |  GATED REGISTERS  |         |      |        |       |       |       |
| cg0   |                   |         |  17  |  yes   |  yes  |  yes  |  yes  |
|       | bank_mem_1_reg[0][33] |  -  |  1   |        |       |       |       |
|       | bank_mem_1_reg[0][32] |  -  |  1   |        |       |       |       |
|       | bank_mem_1_reg[0][31] |  -  |  1   |        |       |       |       |
|       | bank_mem_1_reg[0][30] |  -  |  1   |        |       |       |       |
|       | bank_mem_1_reg[0][29] |  -  |  1   |        |       |       |       |
|       | bank_mem_1_reg[0][28] |  -  |  1   |        |       |       |       |
|       | bank_mem_1_reg[0][27] |  -  |  1   |        |       |       |       |
|       | bank_mem_1_reg[0][26] |  -  |  1   |        |       |       |       |
|       | bank_mem_1_reg[0][25] |  -  |  1   |        |       |       |       |
|       | bank_mem_1_reg[0][24] |  -  |  1   |        |       |       |       |
|       | bank_mem_1_reg[0][23] |  -  |  1   |        |       |       |       |
|       | bank_mem_1_reg[0][22] |  -  |  1   |        |       |       |       |
|       | bank_mem_1_reg[0][21] |  -  |  1   |        |       |       |       |
|       | bank_mem_1_reg[0][20] |  -  |  1   |        |       |       |       |
|       | bank_mem_1_reg[0][19] |  -  |  1   |        |       |       |       |
|       | bank_mem_1_reg[0][18] |  -  |  1   |        |       |       |       |
|       | bank_mem_1_reg[0][17] |  -  |  1   |        |       |       |       |
| cg1   |                   |         |  17  |  yes   |  yes  |  yes  |  yes  |
|       | bank_mem_1_reg[0][16] |  -  |  1   |        |       |       |       |
|       | bank_mem_1_reg[0][15] |  -  |  1   |        |       |       |       |
|       | bank_mem_1_reg[0][14] |  -  |  1   |        |       |       |       |
|       | bank_mem_1_reg[0][13] |  -  |  1   |        |       |       |       |
|       | bank_mem_1_reg[0][12] |  -  |  1   |        |       |       |       |
|       | bank_mem_1_reg[0][11] |  -  |  1   |        |       |       |       |
|       | bank_mem_1_reg[0][10] |  -  |  1   |        |       |       |       |
|       | bank_mem_1_reg[0][9] |  -   |  1   |        |       |       |       |
|       | bank_mem_1_reg[0][8] |  -   |  1   |        |       |       |       |
|       | bank_mem_1_reg[0][7] |  -   |  1   |        |       |       |       |
|       | bank_mem_1_reg[0][6] |  -   |  1   |        |       |       |       |
|       | bank_mem_1_reg[0][5] |  -   |  1   |        |       |       |       |
|       | bank_mem_1_reg[0][4] |  -   |  1   |        |       |       |       |
|       | bank_mem_1_reg[0][3] |  -   |  1   |        |       |       |       |
|       | bank_mem_1_reg[0][2] |  -   |  1   |        |       |       |       |
|       | bank_mem_1_reg[0][1] |  -   |  1   |        |       |       |       |
|       | bank_mem_1_reg[0][0] |  -   |  1   |        |       |       |       |
| cg2   |                   |         |  17  |  yes   |  yes  |  yes  |  yes  |
|       | bank_mem_1_reg[1][33] |  -  |  1   |        |       |       |       |
|       | bank_mem_1_reg[1][32] |  -  |  1   |        |       |       |       |
|       | bank_mem_1_reg[1][31] |  -  |  1   |        |       |       |       |
|       | bank_mem_1_reg[1][30] |  -  |  1   |        |       |       |       |
|       | bank_mem_1_reg[1][29] |  -  |  1   |        |       |       |       |
|       | bank_mem_1_reg[1][28] |  -  |  1   |        |       |       |       |
|       | bank_mem_1_reg[1][27] |  -  |  1   |        |       |       |       |
|       | bank_mem_1_reg[1][26] |  -  |  1   |        |       |       |       |
|       | bank_mem_1_reg[1][25] |  -  |  1   |        |       |       |       |
|       | bank_mem_1_reg[1][24] |  -  |  1   |        |       |       |       |
|       | bank_mem_1_reg[1][23] |  -  |  1   |        |       |       |       |
|       | bank_mem_1_reg[1][22] |  -  |  1   |        |       |       |       |
|       | bank_mem_1_reg[1][21] |  -  |  1   |        |       |       |       |
|       | bank_mem_1_reg[1][20] |  -  |  1   |        |       |       |       |
|       | bank_mem_1_reg[1][19] |  -  |  1   |        |       |       |       |
|       | bank_mem_1_reg[1][18] |  -  |  1   |        |       |       |       |
|       | bank_mem_1_reg[1][17] |  -  |  1   |        |       |       |       |
| cg3   |                   |         |  17  |  yes   |  yes  |  yes  |  yes  |
|       | bank_mem_1_reg[1][16] |  -  |  1   |        |       |       |       |
|       | bank_mem_1_reg[1][15] |  -  |  1   |        |       |       |       |
|       | bank_mem_1_reg[1][14] |  -  |  1   |        |       |       |       |
|       | bank_mem_1_reg[1][13] |  -  |  1   |        |       |       |       |
|       | bank_mem_1_reg[1][12] |  -  |  1   |        |       |       |       |
|       | bank_mem_1_reg[1][11] |  -  |  1   |        |       |       |       |
|       | bank_mem_1_reg[1][10] |  -  |  1   |        |       |       |       |
|       | bank_mem_1_reg[1][9] |  -   |  1   |        |       |       |       |
|       | bank_mem_1_reg[1][8] |  -   |  1   |        |       |       |       |
|       | bank_mem_1_reg[1][7] |  -   |  1   |        |       |       |       |
|       | bank_mem_1_reg[1][6] |  -   |  1   |        |       |       |       |
|       | bank_mem_1_reg[1][5] |  -   |  1   |        |       |       |       |
|       | bank_mem_1_reg[1][4] |  -   |  1   |        |       |       |       |
|       | bank_mem_1_reg[1][3] |  -   |  1   |        |       |       |       |
|       | bank_mem_1_reg[1][2] |  -   |  1   |        |       |       |       |
|       | bank_mem_1_reg[1][1] |  -   |  1   |        |       |       |       |
|       | bank_mem_1_reg[1][0] |  -   |  1   |        |       |       |       |
| cg4   |                   |         |  17  |  yes   |  yes  |  yes  |  yes  |
|       | bank_mem_1_reg[2][33] |  -  |  1   |        |       |       |       |
|       | bank_mem_1_reg[2][32] |  -  |  1   |        |       |       |       |
|       | bank_mem_1_reg[2][31] |  -  |  1   |        |       |       |       |
|       | bank_mem_1_reg[2][30] |  -  |  1   |        |       |       |       |
|       | bank_mem_1_reg[2][29] |  -  |  1   |        |       |       |       |
|       | bank_mem_1_reg[2][28] |  -  |  1   |        |       |       |       |
|       | bank_mem_1_reg[2][27] |  -  |  1   |        |       |       |       |
|       | bank_mem_1_reg[2][26] |  -  |  1   |        |       |       |       |
|       | bank_mem_1_reg[2][25] |  -  |  1   |        |       |       |       |
|       | bank_mem_1_reg[2][24] |  -  |  1   |        |       |       |       |
|       | bank_mem_1_reg[2][23] |  -  |  1   |        |       |       |       |
|       | bank_mem_1_reg[2][22] |  -  |  1   |        |       |       |       |
|       | bank_mem_1_reg[2][21] |  -  |  1   |        |       |       |       |
|       | bank_mem_1_reg[2][20] |  -  |  1   |        |       |       |       |
|       | bank_mem_1_reg[2][19] |  -  |  1   |        |       |       |       |
|       | bank_mem_1_reg[2][18] |  -  |  1   |        |       |       |       |
|       | bank_mem_1_reg[2][17] |  -  |  1   |        |       |       |       |
| cg5   |                   |         |  17  |  yes   |  yes  |  yes  |  yes  |
|       | bank_mem_1_reg[2][16] |  -  |  1   |        |       |       |       |
|       | bank_mem_1_reg[2][15] |  -  |  1   |        |       |       |       |
|       | bank_mem_1_reg[2][14] |  -  |  1   |        |       |       |       |
|       | bank_mem_1_reg[2][13] |  -  |  1   |        |       |       |       |
|       | bank_mem_1_reg[2][12] |  -  |  1   |        |       |       |       |
|       | bank_mem_1_reg[2][11] |  -  |  1   |        |       |       |       |
|       | bank_mem_1_reg[2][10] |  -  |  1   |        |       |       |       |
|       | bank_mem_1_reg[2][9] |  -   |  1   |        |       |       |       |
|       | bank_mem_1_reg[2][8] |  -   |  1   |        |       |       |       |
|       | bank_mem_1_reg[2][7] |  -   |  1   |        |       |       |       |
|       | bank_mem_1_reg[2][6] |  -   |  1   |        |       |       |       |
|       | bank_mem_1_reg[2][5] |  -   |  1   |        |       |       |       |
|       | bank_mem_1_reg[2][4] |  -   |  1   |        |       |       |       |
|       | bank_mem_1_reg[2][3] |  -   |  1   |        |       |       |       |
|       | bank_mem_1_reg[2][2] |  -   |  1   |        |       |       |       |
|       | bank_mem_1_reg[2][1] |  -   |  1   |        |       |       |       |
|       | bank_mem_1_reg[2][0] |  -   |  1   |        |       |       |       |
| cg6   |                   |         |  17  |  yes   |  yes  |  yes  |  yes  |
|       | bank_mem_1_reg[3][33] |  -  |  1   |        |       |       |       |
|       | bank_mem_1_reg[3][32] |  -  |  1   |        |       |       |       |
|       | bank_mem_1_reg[3][31] |  -  |  1   |        |       |       |       |
|       | bank_mem_1_reg[3][30] |  -  |  1   |        |       |       |       |
|       | bank_mem_1_reg[3][29] |  -  |  1   |        |       |       |       |
|       | bank_mem_1_reg[3][28] |  -  |  1   |        |       |       |       |
|       | bank_mem_1_reg[3][27] |  -  |  1   |        |       |       |       |
|       | bank_mem_1_reg[3][26] |  -  |  1   |        |       |       |       |
|       | bank_mem_1_reg[3][25] |  -  |  1   |        |       |       |       |
|       | bank_mem_1_reg[3][24] |  -  |  1   |        |       |       |       |
|       | bank_mem_1_reg[3][23] |  -  |  1   |        |       |       |       |
|       | bank_mem_1_reg[3][22] |  -  |  1   |        |       |       |       |
|       | bank_mem_1_reg[3][21] |  -  |  1   |        |       |       |       |
|       | bank_mem_1_reg[3][20] |  -  |  1   |        |       |       |       |
|       | bank_mem_1_reg[3][19] |  -  |  1   |        |       |       |       |
|       | bank_mem_1_reg[3][18] |  -  |  1   |        |       |       |       |
|       | bank_mem_1_reg[3][17] |  -  |  1   |        |       |       |       |
| cg7   |                   |         |  17  |  yes   |  yes  |  yes  |  yes  |
|       | bank_mem_1_reg[3][16] |  -  |  1   |        |       |       |       |
|       | bank_mem_1_reg[3][15] |  -  |  1   |        |       |       |       |
|       | bank_mem_1_reg[3][14] |  -  |  1   |        |       |       |       |
|       | bank_mem_1_reg[3][13] |  -  |  1   |        |       |       |       |
|       | bank_mem_1_reg[3][12] |  -  |  1   |        |       |       |       |
|       | bank_mem_1_reg[3][11] |  -  |  1   |        |       |       |       |
|       | bank_mem_1_reg[3][10] |  -  |  1   |        |       |       |       |
|       | bank_mem_1_reg[3][9] |  -   |  1   |        |       |       |       |
|       | bank_mem_1_reg[3][8] |  -   |  1   |        |       |       |       |
|       | bank_mem_1_reg[3][7] |  -   |  1   |        |       |       |       |
|       | bank_mem_1_reg[3][6] |  -   |  1   |        |       |       |       |
|       | bank_mem_1_reg[3][5] |  -   |  1   |        |       |       |       |
|       | bank_mem_1_reg[3][4] |  -   |  1   |        |       |       |       |
|       | bank_mem_1_reg[3][3] |  -   |  1   |        |       |       |       |
|       | bank_mem_1_reg[3][2] |  -   |  1   |        |       |       |       |
|       | bank_mem_1_reg[3][1] |  -   |  1   |        |       |       |       |
|       | bank_mem_1_reg[3][0] |  -   |  1   |        |       |       |       |
| cg8   |                   |         |  17  |  yes   |  yes  |  yes  |  yes  |
|       | bank_mem_1_reg[4][33] |  -  |  1   |        |       |       |       |
|       | bank_mem_1_reg[4][32] |  -  |  1   |        |       |       |       |
|       | bank_mem_1_reg[4][31] |  -  |  1   |        |       |       |       |
|       | bank_mem_1_reg[4][30] |  -  |  1   |        |       |       |       |
|       | bank_mem_1_reg[4][29] |  -  |  1   |        |       |       |       |
|       | bank_mem_1_reg[4][28] |  -  |  1   |        |       |       |       |
|       | bank_mem_1_reg[4][27] |  -  |  1   |        |       |       |       |
|       | bank_mem_1_reg[4][26] |  -  |  1   |        |       |       |       |
|       | bank_mem_1_reg[4][25] |  -  |  1   |        |       |       |       |
|       | bank_mem_1_reg[4][24] |  -  |  1   |        |       |       |       |
|       | bank_mem_1_reg[4][23] |  -  |  1   |        |       |       |       |
|       | bank_mem_1_reg[4][22] |  -  |  1   |        |       |       |       |
|       | bank_mem_1_reg[4][21] |  -  |  1   |        |       |       |       |
|       | bank_mem_1_reg[4][20] |  -  |  1   |        |       |       |       |
|       | bank_mem_1_reg[4][19] |  -  |  1   |        |       |       |       |
|       | bank_mem_1_reg[4][18] |  -  |  1   |        |       |       |       |
|       | bank_mem_1_reg[4][17] |  -  |  1   |        |       |       |       |
| cg9   |                   |         |  17  |  yes   |  yes  |  yes  |  yes  |
|       | bank_mem_1_reg[4][16] |  -  |  1   |        |       |       |       |
|       | bank_mem_1_reg[4][15] |  -  |  1   |        |       |       |       |
|       | bank_mem_1_reg[4][14] |  -  |  1   |        |       |       |       |
|       | bank_mem_1_reg[4][13] |  -  |  1   |        |       |       |       |
|       | bank_mem_1_reg[4][12] |  -  |  1   |        |       |       |       |
|       | bank_mem_1_reg[4][11] |  -  |  1   |        |       |       |       |
|       | bank_mem_1_reg[4][10] |  -  |  1   |        |       |       |       |
|       | bank_mem_1_reg[4][9] |  -   |  1   |        |       |       |       |
|       | bank_mem_1_reg[4][8] |  -   |  1   |        |       |       |       |
|       | bank_mem_1_reg[4][7] |  -   |  1   |        |       |       |       |
|       | bank_mem_1_reg[4][6] |  -   |  1   |        |       |       |       |
|       | bank_mem_1_reg[4][5] |  -   |  1   |        |       |       |       |
|       | bank_mem_1_reg[4][4] |  -   |  1   |        |       |       |       |
|       | bank_mem_1_reg[4][3] |  -   |  1   |        |       |       |       |
|       | bank_mem_1_reg[4][2] |  -   |  1   |        |       |       |       |
|       | bank_mem_1_reg[4][1] |  -   |  1   |        |       |       |       |
|       | bank_mem_1_reg[4][0] |  -   |  1   |        |       |       |       |
| cg10  |                   |         |  17  |  yes   |  yes  |  yes  |  yes  |
|       | bank_mem_1_reg[5][33] |  -  |  1   |        |       |       |       |
|       | bank_mem_1_reg[5][32] |  -  |  1   |        |       |       |       |
|       | bank_mem_1_reg[5][31] |  -  |  1   |        |       |       |       |
|       | bank_mem_1_reg[5][30] |  -  |  1   |        |       |       |       |
|       | bank_mem_1_reg[5][29] |  -  |  1   |        |       |       |       |
|       | bank_mem_1_reg[5][28] |  -  |  1   |        |       |       |       |
|       | bank_mem_1_reg[5][27] |  -  |  1   |        |       |       |       |
|       | bank_mem_1_reg[5][26] |  -  |  1   |        |       |       |       |
|       | bank_mem_1_reg[5][25] |  -  |  1   |        |       |       |       |
|       | bank_mem_1_reg[5][24] |  -  |  1   |        |       |       |       |
|       | bank_mem_1_reg[5][23] |  -  |  1   |        |       |       |       |
|       | bank_mem_1_reg[5][22] |  -  |  1   |        |       |       |       |
|       | bank_mem_1_reg[5][21] |  -  |  1   |        |       |       |       |
|       | bank_mem_1_reg[5][20] |  -  |  1   |        |       |       |       |
|       | bank_mem_1_reg[5][19] |  -  |  1   |        |       |       |       |
|       | bank_mem_1_reg[5][18] |  -  |  1   |        |       |       |       |
|       | bank_mem_1_reg[5][17] |  -  |  1   |        |       |       |       |
| cg11  |                   |         |  17  |  yes   |  yes  |  yes  |  yes  |
|       | bank_mem_1_reg[5][16] |  -  |  1   |        |       |       |       |
|       | bank_mem_1_reg[5][15] |  -  |  1   |        |       |       |       |
|       | bank_mem_1_reg[5][14] |  -  |  1   |        |       |       |       |
|       | bank_mem_1_reg[5][13] |  -  |  1   |        |       |       |       |
|       | bank_mem_1_reg[5][12] |  -  |  1   |        |       |       |       |
|       | bank_mem_1_reg[5][11] |  -  |  1   |        |       |       |       |
|       | bank_mem_1_reg[5][10] |  -  |  1   |        |       |       |       |
|       | bank_mem_1_reg[5][9] |  -   |  1   |        |       |       |       |
|       | bank_mem_1_reg[5][8] |  -   |  1   |        |       |       |       |
|       | bank_mem_1_reg[5][7] |  -   |  1   |        |       |       |       |
|       | bank_mem_1_reg[5][6] |  -   |  1   |        |       |       |       |
|       | bank_mem_1_reg[5][5] |  -   |  1   |        |       |       |       |
|       | bank_mem_1_reg[5][4] |  -   |  1   |        |       |       |       |
|       | bank_mem_1_reg[5][3] |  -   |  1   |        |       |       |       |
|       | bank_mem_1_reg[5][2] |  -   |  1   |        |       |       |       |
|       | bank_mem_1_reg[5][1] |  -   |  1   |        |       |       |       |
|       | bank_mem_1_reg[5][0] |  -   |  1   |        |       |       |       |
| cg12  |                   |         |  17  |  yes   |  yes  |  yes  |  yes  |
|       | bank_mem_1_reg[6][33] |  -  |  1   |        |       |       |       |
|       | bank_mem_1_reg[6][32] |  -  |  1   |        |       |       |       |
|       | bank_mem_1_reg[6][31] |  -  |  1   |        |       |       |       |
|       | bank_mem_1_reg[6][30] |  -  |  1   |        |       |       |       |
|       | bank_mem_1_reg[6][29] |  -  |  1   |        |       |       |       |
|       | bank_mem_1_reg[6][28] |  -  |  1   |        |       |       |       |
|       | bank_mem_1_reg[6][27] |  -  |  1   |        |       |       |       |
|       | bank_mem_1_reg[6][26] |  -  |  1   |        |       |       |       |
|       | bank_mem_1_reg[6][25] |  -  |  1   |        |       |       |       |
|       | bank_mem_1_reg[6][24] |  -  |  1   |        |       |       |       |
|       | bank_mem_1_reg[6][23] |  -  |  1   |        |       |       |       |
|       | bank_mem_1_reg[6][22] |  -  |  1   |        |       |       |       |
|       | bank_mem_1_reg[6][21] |  -  |  1   |        |       |       |       |
|       | bank_mem_1_reg[6][20] |  -  |  1   |        |       |       |       |
|       | bank_mem_1_reg[6][19] |  -  |  1   |        |       |       |       |
|       | bank_mem_1_reg[6][18] |  -  |  1   |        |       |       |       |
|       | bank_mem_1_reg[6][17] |  -  |  1   |        |       |       |       |
| cg13  |                   |         |  17  |  yes   |  yes  |  yes  |  yes  |
|       | bank_mem_1_reg[6][16] |  -  |  1   |        |       |       |       |
|       | bank_mem_1_reg[6][15] |  -  |  1   |        |       |       |       |
|       | bank_mem_1_reg[6][14] |  -  |  1   |        |       |       |       |
|       | bank_mem_1_reg[6][13] |  -  |  1   |        |       |       |       |
|       | bank_mem_1_reg[6][12] |  -  |  1   |        |       |       |       |
|       | bank_mem_1_reg[6][11] |  -  |  1   |        |       |       |       |
|       | bank_mem_1_reg[6][10] |  -  |  1   |        |       |       |       |
|       | bank_mem_1_reg[6][9] |  -   |  1   |        |       |       |       |
|       | bank_mem_1_reg[6][8] |  -   |  1   |        |       |       |       |
|       | bank_mem_1_reg[6][7] |  -   |  1   |        |       |       |       |
|       | bank_mem_1_reg[6][6] |  -   |  1   |        |       |       |       |
|       | bank_mem_1_reg[6][5] |  -   |  1   |        |       |       |       |
|       | bank_mem_1_reg[6][4] |  -   |  1   |        |       |       |       |
|       | bank_mem_1_reg[6][3] |  -   |  1   |        |       |       |       |
|       | bank_mem_1_reg[6][2] |  -   |  1   |        |       |       |       |
|       | bank_mem_1_reg[6][1] |  -   |  1   |        |       |       |       |
|       | bank_mem_1_reg[6][0] |  -   |  1   |        |       |       |       |
| cg14  |                   |         |  17  |  yes   |  yes  |  yes  |  yes  |
|       | bank_mem_1_reg[7][33] |  -  |  1   |        |       |       |       |
|       | bank_mem_1_reg[7][32] |  -  |  1   |        |       |       |       |
|       | bank_mem_1_reg[7][31] |  -  |  1   |        |       |       |       |
|       | bank_mem_1_reg[7][30] |  -  |  1   |        |       |       |       |
|       | bank_mem_1_reg[7][29] |  -  |  1   |        |       |       |       |
|       | bank_mem_1_reg[7][28] |  -  |  1   |        |       |       |       |
|       | bank_mem_1_reg[7][27] |  -  |  1   |        |       |       |       |
|       | bank_mem_1_reg[7][26] |  -  |  1   |        |       |       |       |
|       | bank_mem_1_reg[7][25] |  -  |  1   |        |       |       |       |
|       | bank_mem_1_reg[7][24] |  -  |  1   |        |       |       |       |
|       | bank_mem_1_reg[7][23] |  -  |  1   |        |       |       |       |
|       | bank_mem_1_reg[7][22] |  -  |  1   |        |       |       |       |
|       | bank_mem_1_reg[7][21] |  -  |  1   |        |       |       |       |
|       | bank_mem_1_reg[7][20] |  -  |  1   |        |       |       |       |
|       | bank_mem_1_reg[7][19] |  -  |  1   |        |       |       |       |
|       | bank_mem_1_reg[7][18] |  -  |  1   |        |       |       |       |
|       | bank_mem_1_reg[7][17] |  -  |  1   |        |       |       |       |
| cg15  |                   |         |  17  |  yes   |  yes  |  yes  |  yes  |
|       | bank_mem_1_reg[7][16] |  -  |  1   |        |       |       |       |
|       | bank_mem_1_reg[7][15] |  -  |  1   |        |       |       |       |
|       | bank_mem_1_reg[7][14] |  -  |  1   |        |       |       |       |
|       | bank_mem_1_reg[7][13] |  -  |  1   |        |       |       |       |
|       | bank_mem_1_reg[7][12] |  -  |  1   |        |       |       |       |
|       | bank_mem_1_reg[7][11] |  -  |  1   |        |       |       |       |
|       | bank_mem_1_reg[7][10] |  -  |  1   |        |       |       |       |
|       | bank_mem_1_reg[7][9] |  -   |  1   |        |       |       |       |
|       | bank_mem_1_reg[7][8] |  -   |  1   |        |       |       |       |
|       | bank_mem_1_reg[7][7] |  -   |  1   |        |       |       |       |
|       | bank_mem_1_reg[7][6] |  -   |  1   |        |       |       |       |
|       | bank_mem_1_reg[7][5] |  -   |  1   |        |       |       |       |
|       | bank_mem_1_reg[7][4] |  -   |  1   |        |       |       |       |
|       | bank_mem_1_reg[7][3] |  -   |  1   |        |       |       |       |
|       | bank_mem_1_reg[7][2] |  -   |  1   |        |       |       |       |
|       | bank_mem_1_reg[7][1] |  -   |  1   |        |       |       |       |
|       | bank_mem_1_reg[7][0] |  -   |  1   |        |       |       |       |
| cg16  |                   |         |  17  |  yes   |  yes  |  yes  |  yes  |
|       | bank_mem_1_reg[8][33] |  -  |  1   |        |       |       |       |
|       | bank_mem_1_reg[8][32] |  -  |  1   |        |       |       |       |
|       | bank_mem_1_reg[8][31] |  -  |  1   |        |       |       |       |
|       | bank_mem_1_reg[8][30] |  -  |  1   |        |       |       |       |
|       | bank_mem_1_reg[8][29] |  -  |  1   |        |       |       |       |
|       | bank_mem_1_reg[8][28] |  -  |  1   |        |       |       |       |
|       | bank_mem_1_reg[8][27] |  -  |  1   |        |       |       |       |
|       | bank_mem_1_reg[8][26] |  -  |  1   |        |       |       |       |
|       | bank_mem_1_reg[8][25] |  -  |  1   |        |       |       |       |
|       | bank_mem_1_reg[8][24] |  -  |  1   |        |       |       |       |
|       | bank_mem_1_reg[8][23] |  -  |  1   |        |       |       |       |
|       | bank_mem_1_reg[8][22] |  -  |  1   |        |       |       |       |
|       | bank_mem_1_reg[8][21] |  -  |  1   |        |       |       |       |
|       | bank_mem_1_reg[8][20] |  -  |  1   |        |       |       |       |
|       | bank_mem_1_reg[8][19] |  -  |  1   |        |       |       |       |
|       | bank_mem_1_reg[8][18] |  -  |  1   |        |       |       |       |
|       | bank_mem_1_reg[8][17] |  -  |  1   |        |       |       |       |
| cg17  |                   |         |  17  |  yes   |  yes  |  yes  |  yes  |
|       | bank_mem_1_reg[8][16] |  -  |  1   |        |       |       |       |
|       | bank_mem_1_reg[8][15] |  -  |  1   |        |       |       |       |
|       | bank_mem_1_reg[8][14] |  -  |  1   |        |       |       |       |
|       | bank_mem_1_reg[8][13] |  -  |  1   |        |       |       |       |
|       | bank_mem_1_reg[8][12] |  -  |  1   |        |       |       |       |
|       | bank_mem_1_reg[8][11] |  -  |  1   |        |       |       |       |
|       | bank_mem_1_reg[8][10] |  -  |  1   |        |       |       |       |
|       | bank_mem_1_reg[8][9] |  -   |  1   |        |       |       |       |
|       | bank_mem_1_reg[8][8] |  -   |  1   |        |       |       |       |
|       | bank_mem_1_reg[8][7] |  -   |  1   |        |       |       |       |
|       | bank_mem_1_reg[8][6] |  -   |  1   |        |       |       |       |
|       | bank_mem_1_reg[8][5] |  -   |  1   |        |       |       |       |
|       | bank_mem_1_reg[8][4] |  -   |  1   |        |       |       |       |
|       | bank_mem_1_reg[8][3] |  -   |  1   |        |       |       |       |
|       | bank_mem_1_reg[8][2] |  -   |  1   |        |       |       |       |
|       | bank_mem_1_reg[8][1] |  -   |  1   |        |       |       |       |
|       | bank_mem_1_reg[8][0] |  -   |  1   |        |       |       |       |
| cg18  |                   |         |  17  |  yes   |  yes  |  yes  |  yes  |
|       | bank_mem_1_reg[9][33] |  -  |  1   |        |       |       |       |
|       | bank_mem_1_reg[9][32] |  -  |  1   |        |       |       |       |
|       | bank_mem_1_reg[9][31] |  -  |  1   |        |       |       |       |
|       | bank_mem_1_reg[9][30] |  -  |  1   |        |       |       |       |
|       | bank_mem_1_reg[9][29] |  -  |  1   |        |       |       |       |
|       | bank_mem_1_reg[9][28] |  -  |  1   |        |       |       |       |
|       | bank_mem_1_reg[9][27] |  -  |  1   |        |       |       |       |
|       | bank_mem_1_reg[9][26] |  -  |  1   |        |       |       |       |
|       | bank_mem_1_reg[9][25] |  -  |  1   |        |       |       |       |
|       | bank_mem_1_reg[9][24] |  -  |  1   |        |       |       |       |
|       | bank_mem_1_reg[9][23] |  -  |  1   |        |       |       |       |
|       | bank_mem_1_reg[9][22] |  -  |  1   |        |       |       |       |
|       | bank_mem_1_reg[9][21] |  -  |  1   |        |       |       |       |
|       | bank_mem_1_reg[9][20] |  -  |  1   |        |       |       |       |
|       | bank_mem_1_reg[9][19] |  -  |  1   |        |       |       |       |
|       | bank_mem_1_reg[9][18] |  -  |  1   |        |       |       |       |
|       | bank_mem_1_reg[9][17] |  -  |  1   |        |       |       |       |
| cg19  |                   |         |  17  |  yes   |  yes  |  yes  |  yes  |
|       | bank_mem_1_reg[9][16] |  -  |  1   |        |       |       |       |
|       | bank_mem_1_reg[9][15] |  -  |  1   |        |       |       |       |
|       | bank_mem_1_reg[9][14] |  -  |  1   |        |       |       |       |
|       | bank_mem_1_reg[9][13] |  -  |  1   |        |       |       |       |
|       | bank_mem_1_reg[9][12] |  -  |  1   |        |       |       |       |
|       | bank_mem_1_reg[9][11] |  -  |  1   |        |       |       |       |
|       | bank_mem_1_reg[9][10] |  -  |  1   |        |       |       |       |
|       | bank_mem_1_reg[9][9] |  -   |  1   |        |       |       |       |
|       | bank_mem_1_reg[9][8] |  -   |  1   |        |       |       |       |
|       | bank_mem_1_reg[9][7] |  -   |  1   |        |       |       |       |
|       | bank_mem_1_reg[9][6] |  -   |  1   |        |       |       |       |
|       | bank_mem_1_reg[9][5] |  -   |  1   |        |       |       |       |
|       | bank_mem_1_reg[9][4] |  -   |  1   |        |       |       |       |
|       | bank_mem_1_reg[9][3] |  -   |  1   |        |       |       |       |
|       | bank_mem_1_reg[9][2] |  -   |  1   |        |       |       |       |
|       | bank_mem_1_reg[9][1] |  -   |  1   |        |       |       |       |
|       | bank_mem_1_reg[9][0] |  -   |  1   |        |       |       |       |
| cg20  |                   |         |  17  |  yes   |  yes  |  yes  |  yes  |
|       | bank_mem_1_reg[10][33] | -  |  1   |        |       |       |       |
|       | bank_mem_1_reg[10][32] | -  |  1   |        |       |       |       |
|       | bank_mem_1_reg[10][31] | -  |  1   |        |       |       |       |
|       | bank_mem_1_reg[10][30] | -  |  1   |        |       |       |       |
|       | bank_mem_1_reg[10][29] | -  |  1   |        |       |       |       |
|       | bank_mem_1_reg[10][28] | -  |  1   |        |       |       |       |
|       | bank_mem_1_reg[10][27] | -  |  1   |        |       |       |       |
|       | bank_mem_1_reg[10][26] | -  |  1   |        |       |       |       |
|       | bank_mem_1_reg[10][25] | -  |  1   |        |       |       |       |
|       | bank_mem_1_reg[10][24] | -  |  1   |        |       |       |       |
|       | bank_mem_1_reg[10][23] | -  |  1   |        |       |       |       |
|       | bank_mem_1_reg[10][22] | -  |  1   |        |       |       |       |
|       | bank_mem_1_reg[10][21] | -  |  1   |        |       |       |       |
|       | bank_mem_1_reg[10][20] | -  |  1   |        |       |       |       |
|       | bank_mem_1_reg[10][19] | -  |  1   |        |       |       |       |
|       | bank_mem_1_reg[10][18] | -  |  1   |        |       |       |       |
|       | bank_mem_1_reg[10][17] | -  |  1   |        |       |       |       |
| cg21  |                   |         |  17  |  yes   |  yes  |  yes  |  yes  |
|       | bank_mem_1_reg[10][16] | -  |  1   |        |       |       |       |
|       | bank_mem_1_reg[10][15] | -  |  1   |        |       |       |       |
|       | bank_mem_1_reg[10][14] | -  |  1   |        |       |       |       |
|       | bank_mem_1_reg[10][13] | -  |  1   |        |       |       |       |
|       | bank_mem_1_reg[10][12] | -  |  1   |        |       |       |       |
|       | bank_mem_1_reg[10][11] | -  |  1   |        |       |       |       |
|       | bank_mem_1_reg[10][10] | -  |  1   |        |       |       |       |
|       | bank_mem_1_reg[10][9] |  -  |  1   |        |       |       |       |
|       | bank_mem_1_reg[10][8] |  -  |  1   |        |       |       |       |
|       | bank_mem_1_reg[10][7] |  -  |  1   |        |       |       |       |
|       | bank_mem_1_reg[10][6] |  -  |  1   |        |       |       |       |
|       | bank_mem_1_reg[10][5] |  -  |  1   |        |       |       |       |
|       | bank_mem_1_reg[10][4] |  -  |  1   |        |       |       |       |
|       | bank_mem_1_reg[10][3] |  -  |  1   |        |       |       |       |
|       | bank_mem_1_reg[10][2] |  -  |  1   |        |       |       |       |
|       | bank_mem_1_reg[10][1] |  -  |  1   |        |       |       |       |
|       | bank_mem_1_reg[10][0] |  -  |  1   |        |       |       |       |
| cg22  |                   |         |  17  |  yes   |  yes  |  yes  |  yes  |
|       | bank_mem_1_reg[11][33] | -  |  1   |        |       |       |       |
|       | bank_mem_1_reg[11][32] | -  |  1   |        |       |       |       |
|       | bank_mem_1_reg[11][31] | -  |  1   |        |       |       |       |
|       | bank_mem_1_reg[11][30] | -  |  1   |        |       |       |       |
|       | bank_mem_1_reg[11][29] | -  |  1   |        |       |       |       |
|       | bank_mem_1_reg[11][28] | -  |  1   |        |       |       |       |
|       | bank_mem_1_reg[11][27] | -  |  1   |        |       |       |       |
|       | bank_mem_1_reg[11][26] | -  |  1   |        |       |       |       |
|       | bank_mem_1_reg[11][25] | -  |  1   |        |       |       |       |
|       | bank_mem_1_reg[11][24] | -  |  1   |        |       |       |       |
|       | bank_mem_1_reg[11][23] | -  |  1   |        |       |       |       |
|       | bank_mem_1_reg[11][22] | -  |  1   |        |       |       |       |
|       | bank_mem_1_reg[11][21] | -  |  1   |        |       |       |       |
|       | bank_mem_1_reg[11][20] | -  |  1   |        |       |       |       |
|       | bank_mem_1_reg[11][19] | -  |  1   |        |       |       |       |
|       | bank_mem_1_reg[11][18] | -  |  1   |        |       |       |       |
|       | bank_mem_1_reg[11][17] | -  |  1   |        |       |       |       |
| cg23  |                   |         |  17  |  yes   |  yes  |  yes  |  yes  |
|       | bank_mem_1_reg[11][16] | -  |  1   |        |       |       |       |
|       | bank_mem_1_reg[11][15] | -  |  1   |        |       |       |       |
|       | bank_mem_1_reg[11][14] | -  |  1   |        |       |       |       |
|       | bank_mem_1_reg[11][13] | -  |  1   |        |       |       |       |
|       | bank_mem_1_reg[11][12] | -  |  1   |        |       |       |       |
|       | bank_mem_1_reg[11][11] | -  |  1   |        |       |       |       |
|       | bank_mem_1_reg[11][10] | -  |  1   |        |       |       |       |
|       | bank_mem_1_reg[11][9] |  -  |  1   |        |       |       |       |
|       | bank_mem_1_reg[11][8] |  -  |  1   |        |       |       |       |
|       | bank_mem_1_reg[11][7] |  -  |  1   |        |       |       |       |
|       | bank_mem_1_reg[11][6] |  -  |  1   |        |       |       |       |
|       | bank_mem_1_reg[11][5] |  -  |  1   |        |       |       |       |
|       | bank_mem_1_reg[11][4] |  -  |  1   |        |       |       |       |
|       | bank_mem_1_reg[11][3] |  -  |  1   |        |       |       |       |
|       | bank_mem_1_reg[11][2] |  -  |  1   |        |       |       |       |
|       | bank_mem_1_reg[11][1] |  -  |  1   |        |       |       |       |
|       | bank_mem_1_reg[11][0] |  -  |  1   |        |       |       |       |
| cg24  |                   |         |  17  |  yes   |  yes  |  yes  |  yes  |
|       | bank_mem_1_reg[12][33] | -  |  1   |        |       |       |       |
|       | bank_mem_1_reg[12][32] | -  |  1   |        |       |       |       |
|       | bank_mem_1_reg[12][31] | -  |  1   |        |       |       |       |
|       | bank_mem_1_reg[12][30] | -  |  1   |        |       |       |       |
|       | bank_mem_1_reg[12][29] | -  |  1   |        |       |       |       |
|       | bank_mem_1_reg[12][28] | -  |  1   |        |       |       |       |
|       | bank_mem_1_reg[12][27] | -  |  1   |        |       |       |       |
|       | bank_mem_1_reg[12][26] | -  |  1   |        |       |       |       |
|       | bank_mem_1_reg[12][25] | -  |  1   |        |       |       |       |
|       | bank_mem_1_reg[12][24] | -  |  1   |        |       |       |       |
|       | bank_mem_1_reg[12][23] | -  |  1   |        |       |       |       |
|       | bank_mem_1_reg[12][22] | -  |  1   |        |       |       |       |
|       | bank_mem_1_reg[12][21] | -  |  1   |        |       |       |       |
|       | bank_mem_1_reg[12][20] | -  |  1   |        |       |       |       |
|       | bank_mem_1_reg[12][19] | -  |  1   |        |       |       |       |
|       | bank_mem_1_reg[12][18] | -  |  1   |        |       |       |       |
|       | bank_mem_1_reg[12][17] | -  |  1   |        |       |       |       |
| cg25  |                   |         |  17  |  yes   |  yes  |  yes  |  yes  |
|       | bank_mem_1_reg[12][16] | -  |  1   |        |       |       |       |
|       | bank_mem_1_reg[12][15] | -  |  1   |        |       |       |       |
|       | bank_mem_1_reg[12][14] | -  |  1   |        |       |       |       |
|       | bank_mem_1_reg[12][13] | -  |  1   |        |       |       |       |
|       | bank_mem_1_reg[12][12] | -  |  1   |        |       |       |       |
|       | bank_mem_1_reg[12][11] | -  |  1   |        |       |       |       |
|       | bank_mem_1_reg[12][10] | -  |  1   |        |       |       |       |
|       | bank_mem_1_reg[12][9] |  -  |  1   |        |       |       |       |
|       | bank_mem_1_reg[12][8] |  -  |  1   |        |       |       |       |
|       | bank_mem_1_reg[12][7] |  -  |  1   |        |       |       |       |
|       | bank_mem_1_reg[12][6] |  -  |  1   |        |       |       |       |
|       | bank_mem_1_reg[12][5] |  -  |  1   |        |       |       |       |
|       | bank_mem_1_reg[12][4] |  -  |  1   |        |       |       |       |
|       | bank_mem_1_reg[12][3] |  -  |  1   |        |       |       |       |
|       | bank_mem_1_reg[12][2] |  -  |  1   |        |       |       |       |
|       | bank_mem_1_reg[12][1] |  -  |  1   |        |       |       |       |
|       | bank_mem_1_reg[12][0] |  -  |  1   |        |       |       |       |
| cg26  |                   |         |  17  |  yes   |  yes  |  yes  |  yes  |
|       | bank_mem_1_reg[13][33] | -  |  1   |        |       |       |       |
|       | bank_mem_1_reg[13][32] | -  |  1   |        |       |       |       |
|       | bank_mem_1_reg[13][31] | -  |  1   |        |       |       |       |
|       | bank_mem_1_reg[13][30] | -  |  1   |        |       |       |       |
|       | bank_mem_1_reg[13][29] | -  |  1   |        |       |       |       |
|       | bank_mem_1_reg[13][28] | -  |  1   |        |       |       |       |
|       | bank_mem_1_reg[13][27] | -  |  1   |        |       |       |       |
|       | bank_mem_1_reg[13][26] | -  |  1   |        |       |       |       |
|       | bank_mem_1_reg[13][25] | -  |  1   |        |       |       |       |
|       | bank_mem_1_reg[13][24] | -  |  1   |        |       |       |       |
|       | bank_mem_1_reg[13][23] | -  |  1   |        |       |       |       |
|       | bank_mem_1_reg[13][22] | -  |  1   |        |       |       |       |
|       | bank_mem_1_reg[13][21] | -  |  1   |        |       |       |       |
|       | bank_mem_1_reg[13][20] | -  |  1   |        |       |       |       |
|       | bank_mem_1_reg[13][19] | -  |  1   |        |       |       |       |
|       | bank_mem_1_reg[13][18] | -  |  1   |        |       |       |       |
|       | bank_mem_1_reg[13][17] | -  |  1   |        |       |       |       |
| cg27  |                   |         |  17  |  yes   |  yes  |  yes  |  yes  |
|       | bank_mem_1_reg[13][16] | -  |  1   |        |       |       |       |
|       | bank_mem_1_reg[13][15] | -  |  1   |        |       |       |       |
|       | bank_mem_1_reg[13][14] | -  |  1   |        |       |       |       |
|       | bank_mem_1_reg[13][13] | -  |  1   |        |       |       |       |
|       | bank_mem_1_reg[13][12] | -  |  1   |        |       |       |       |
|       | bank_mem_1_reg[13][11] | -  |  1   |        |       |       |       |
|       | bank_mem_1_reg[13][10] | -  |  1   |        |       |       |       |
|       | bank_mem_1_reg[13][9] |  -  |  1   |        |       |       |       |
|       | bank_mem_1_reg[13][8] |  -  |  1   |        |       |       |       |
|       | bank_mem_1_reg[13][7] |  -  |  1   |        |       |       |       |
|       | bank_mem_1_reg[13][6] |  -  |  1   |        |       |       |       |
|       | bank_mem_1_reg[13][5] |  -  |  1   |        |       |       |       |
|       | bank_mem_1_reg[13][4] |  -  |  1   |        |       |       |       |
|       | bank_mem_1_reg[13][3] |  -  |  1   |        |       |       |       |
|       | bank_mem_1_reg[13][2] |  -  |  1   |        |       |       |       |
|       | bank_mem_1_reg[13][1] |  -  |  1   |        |       |       |       |
|       | bank_mem_1_reg[13][0] |  -  |  1   |        |       |       |       |
| cg28  |                   |         |  17  |  yes   |  yes  |  yes  |  yes  |
|       | bank_mem_1_reg[14][33] | -  |  1   |        |       |       |       |
|       | bank_mem_1_reg[14][32] | -  |  1   |        |       |       |       |
|       | bank_mem_1_reg[14][31] | -  |  1   |        |       |       |       |
|       | bank_mem_1_reg[14][30] | -  |  1   |        |       |       |       |
|       | bank_mem_1_reg[14][29] | -  |  1   |        |       |       |       |
|       | bank_mem_1_reg[14][28] | -  |  1   |        |       |       |       |
|       | bank_mem_1_reg[14][27] | -  |  1   |        |       |       |       |
|       | bank_mem_1_reg[14][26] | -  |  1   |        |       |       |       |
|       | bank_mem_1_reg[14][25] | -  |  1   |        |       |       |       |
|       | bank_mem_1_reg[14][24] | -  |  1   |        |       |       |       |
|       | bank_mem_1_reg[14][23] | -  |  1   |        |       |       |       |
|       | bank_mem_1_reg[14][22] | -  |  1   |        |       |       |       |
|       | bank_mem_1_reg[14][21] | -  |  1   |        |       |       |       |
|       | bank_mem_1_reg[14][20] | -  |  1   |        |       |       |       |
|       | bank_mem_1_reg[14][19] | -  |  1   |        |       |       |       |
|       | bank_mem_1_reg[14][18] | -  |  1   |        |       |       |       |
|       | bank_mem_1_reg[14][17] | -  |  1   |        |       |       |       |
| cg29  |                   |         |  17  |  yes   |  yes  |  yes  |  yes  |
|       | bank_mem_1_reg[14][16] | -  |  1   |        |       |       |       |
|       | bank_mem_1_reg[14][15] | -  |  1   |        |       |       |       |
|       | bank_mem_1_reg[14][14] | -  |  1   |        |       |       |       |
|       | bank_mem_1_reg[14][13] | -  |  1   |        |       |       |       |
|       | bank_mem_1_reg[14][12] | -  |  1   |        |       |       |       |
|       | bank_mem_1_reg[14][11] | -  |  1   |        |       |       |       |
|       | bank_mem_1_reg[14][10] | -  |  1   |        |       |       |       |
|       | bank_mem_1_reg[14][9] |  -  |  1   |        |       |       |       |
|       | bank_mem_1_reg[14][8] |  -  |  1   |        |       |       |       |
|       | bank_mem_1_reg[14][7] |  -  |  1   |        |       |       |       |
|       | bank_mem_1_reg[14][6] |  -  |  1   |        |       |       |       |
|       | bank_mem_1_reg[14][5] |  -  |  1   |        |       |       |       |
|       | bank_mem_1_reg[14][4] |  -  |  1   |        |       |       |       |
|       | bank_mem_1_reg[14][3] |  -  |  1   |        |       |       |       |
|       | bank_mem_1_reg[14][2] |  -  |  1   |        |       |       |       |
|       | bank_mem_1_reg[14][1] |  -  |  1   |        |       |       |       |
|       | bank_mem_1_reg[14][0] |  -  |  1   |        |       |       |       |
| cg30  |                   |         |  17  |  yes   |  yes  |  yes  |  yes  |
|       | bank_mem_1_reg[15][33] | -  |  1   |        |       |       |       |
|       | bank_mem_1_reg[15][32] | -  |  1   |        |       |       |       |
|       | bank_mem_1_reg[15][31] | -  |  1   |        |       |       |       |
|       | bank_mem_1_reg[15][30] | -  |  1   |        |       |       |       |
|       | bank_mem_1_reg[15][29] | -  |  1   |        |       |       |       |
|       | bank_mem_1_reg[15][28] | -  |  1   |        |       |       |       |
|       | bank_mem_1_reg[15][27] | -  |  1   |        |       |       |       |
|       | bank_mem_1_reg[15][26] | -  |  1   |        |       |       |       |
|       | bank_mem_1_reg[15][25] | -  |  1   |        |       |       |       |
|       | bank_mem_1_reg[15][24] | -  |  1   |        |       |       |       |
|       | bank_mem_1_reg[15][23] | -  |  1   |        |       |       |       |
|       | bank_mem_1_reg[15][22] | -  |  1   |        |       |       |       |
|       | bank_mem_1_reg[15][21] | -  |  1   |        |       |       |       |
|       | bank_mem_1_reg[15][20] | -  |  1   |        |       |       |       |
|       | bank_mem_1_reg[15][19] | -  |  1   |        |       |       |       |
|       | bank_mem_1_reg[15][18] | -  |  1   |        |       |       |       |
|       | bank_mem_1_reg[15][17] | -  |  1   |        |       |       |       |
| cg31  |                   |         |  17  |  yes   |  yes  |  yes  |  yes  |
|       | bank_mem_1_reg[15][16] | -  |  1   |        |       |       |       |
|       | bank_mem_1_reg[15][15] | -  |  1   |        |       |       |       |
|       | bank_mem_1_reg[15][14] | -  |  1   |        |       |       |       |
|       | bank_mem_1_reg[15][13] | -  |  1   |        |       |       |       |
|       | bank_mem_1_reg[15][12] | -  |  1   |        |       |       |       |
|       | bank_mem_1_reg[15][11] | -  |  1   |        |       |       |       |
|       | bank_mem_1_reg[15][10] | -  |  1   |        |       |       |       |
|       | bank_mem_1_reg[15][9] |  -  |  1   |        |       |       |       |
|       | bank_mem_1_reg[15][8] |  -  |  1   |        |       |       |       |
|       | bank_mem_1_reg[15][7] |  -  |  1   |        |       |       |       |
|       | bank_mem_1_reg[15][6] |  -  |  1   |        |       |       |       |
|       | bank_mem_1_reg[15][5] |  -  |  1   |        |       |       |       |
|       | bank_mem_1_reg[15][4] |  -  |  1   |        |       |       |       |
|       | bank_mem_1_reg[15][3] |  -  |  1   |        |       |       |       |
|       | bank_mem_1_reg[15][2] |  -  |  1   |        |       |       |       |
|       | bank_mem_1_reg[15][1] |  -  |  1   |        |       |       |       |
|       | bank_mem_1_reg[15][0] |  -  |  1   |        |       |       |       |
| cg32  |                   |         |  17  |  yes   |  yes  |  yes  |  yes  |
|       | bank_mem_0_reg[0][33] |  -  |  1   |        |       |       |       |
|       | bank_mem_0_reg[0][32] |  -  |  1   |        |       |       |       |
|       | bank_mem_0_reg[0][31] |  -  |  1   |        |       |       |       |
|       | bank_mem_0_reg[0][30] |  -  |  1   |        |       |       |       |
|       | bank_mem_0_reg[0][29] |  -  |  1   |        |       |       |       |
|       | bank_mem_0_reg[0][28] |  -  |  1   |        |       |       |       |
|       | bank_mem_0_reg[0][27] |  -  |  1   |        |       |       |       |
|       | bank_mem_0_reg[0][26] |  -  |  1   |        |       |       |       |
|       | bank_mem_0_reg[0][25] |  -  |  1   |        |       |       |       |
|       | bank_mem_0_reg[0][24] |  -  |  1   |        |       |       |       |
|       | bank_mem_0_reg[0][23] |  -  |  1   |        |       |       |       |
|       | bank_mem_0_reg[0][22] |  -  |  1   |        |       |       |       |
|       | bank_mem_0_reg[0][21] |  -  |  1   |        |       |       |       |
|       | bank_mem_0_reg[0][20] |  -  |  1   |        |       |       |       |
|       | bank_mem_0_reg[0][19] |  -  |  1   |        |       |       |       |
|       | bank_mem_0_reg[0][18] |  -  |  1   |        |       |       |       |
|       | bank_mem_0_reg[0][17] |  -  |  1   |        |       |       |       |
| cg33  |                   |         |  17  |  yes   |  yes  |  yes  |  yes  |
|       | bank_mem_0_reg[0][16] |  -  |  1   |        |       |       |       |
|       | bank_mem_0_reg[0][15] |  -  |  1   |        |       |       |       |
|       | bank_mem_0_reg[0][14] |  -  |  1   |        |       |       |       |
|       | bank_mem_0_reg[0][13] |  -  |  1   |        |       |       |       |
|       | bank_mem_0_reg[0][12] |  -  |  1   |        |       |       |       |
|       | bank_mem_0_reg[0][11] |  -  |  1   |        |       |       |       |
|       | bank_mem_0_reg[0][10] |  -  |  1   |        |       |       |       |
|       | bank_mem_0_reg[0][9] |  -   |  1   |        |       |       |       |
|       | bank_mem_0_reg[0][8] |  -   |  1   |        |       |       |       |
|       | bank_mem_0_reg[0][7] |  -   |  1   |        |       |       |       |
|       | bank_mem_0_reg[0][6] |  -   |  1   |        |       |       |       |
|       | bank_mem_0_reg[0][5] |  -   |  1   |        |       |       |       |
|       | bank_mem_0_reg[0][4] |  -   |  1   |        |       |       |       |
|       | bank_mem_0_reg[0][3] |  -   |  1   |        |       |       |       |
|       | bank_mem_0_reg[0][2] |  -   |  1   |        |       |       |       |
|       | bank_mem_0_reg[0][1] |  -   |  1   |        |       |       |       |
|       | bank_mem_0_reg[0][0] |  -   |  1   |        |       |       |       |
| cg34  |                   |         |  17  |  yes   |  yes  |  yes  |  yes  |
|       | bank_mem_0_reg[1][33] |  -  |  1   |        |       |       |       |
|       | bank_mem_0_reg[1][32] |  -  |  1   |        |       |       |       |
|       | bank_mem_0_reg[1][31] |  -  |  1   |        |       |       |       |
|       | bank_mem_0_reg[1][30] |  -  |  1   |        |       |       |       |
|       | bank_mem_0_reg[1][29] |  -  |  1   |        |       |       |       |
|       | bank_mem_0_reg[1][28] |  -  |  1   |        |       |       |       |
|       | bank_mem_0_reg[1][27] |  -  |  1   |        |       |       |       |
|       | bank_mem_0_reg[1][26] |  -  |  1   |        |       |       |       |
|       | bank_mem_0_reg[1][25] |  -  |  1   |        |       |       |       |
|       | bank_mem_0_reg[1][24] |  -  |  1   |        |       |       |       |
|       | bank_mem_0_reg[1][23] |  -  |  1   |        |       |       |       |
|       | bank_mem_0_reg[1][22] |  -  |  1   |        |       |       |       |
|       | bank_mem_0_reg[1][21] |  -  |  1   |        |       |       |       |
|       | bank_mem_0_reg[1][20] |  -  |  1   |        |       |       |       |
|       | bank_mem_0_reg[1][19] |  -  |  1   |        |       |       |       |
|       | bank_mem_0_reg[1][18] |  -  |  1   |        |       |       |       |
|       | bank_mem_0_reg[1][17] |  -  |  1   |        |       |       |       |
| cg35  |                   |         |  17  |  yes   |  yes  |  yes  |  yes  |
|       | bank_mem_0_reg[1][16] |  -  |  1   |        |       |       |       |
|       | bank_mem_0_reg[1][15] |  -  |  1   |        |       |       |       |
|       | bank_mem_0_reg[1][14] |  -  |  1   |        |       |       |       |
|       | bank_mem_0_reg[1][13] |  -  |  1   |        |       |       |       |
|       | bank_mem_0_reg[1][12] |  -  |  1   |        |       |       |       |
|       | bank_mem_0_reg[1][11] |  -  |  1   |        |       |       |       |
|       | bank_mem_0_reg[1][10] |  -  |  1   |        |       |       |       |
|       | bank_mem_0_reg[1][9] |  -   |  1   |        |       |       |       |
|       | bank_mem_0_reg[1][8] |  -   |  1   |        |       |       |       |
|       | bank_mem_0_reg[1][7] |  -   |  1   |        |       |       |       |
|       | bank_mem_0_reg[1][6] |  -   |  1   |        |       |       |       |
|       | bank_mem_0_reg[1][5] |  -   |  1   |        |       |       |       |
|       | bank_mem_0_reg[1][4] |  -   |  1   |        |       |       |       |
|       | bank_mem_0_reg[1][3] |  -   |  1   |        |       |       |       |
|       | bank_mem_0_reg[1][2] |  -   |  1   |        |       |       |       |
|       | bank_mem_0_reg[1][1] |  -   |  1   |        |       |       |       |
|       | bank_mem_0_reg[1][0] |  -   |  1   |        |       |       |       |
| cg36  |                   |         |  17  |  yes   |  yes  |  yes  |  yes  |
|       | bank_mem_0_reg[2][33] |  -  |  1   |        |       |       |       |
|       | bank_mem_0_reg[2][32] |  -  |  1   |        |       |       |       |
|       | bank_mem_0_reg[2][31] |  -  |  1   |        |       |       |       |
|       | bank_mem_0_reg[2][30] |  -  |  1   |        |       |       |       |
|       | bank_mem_0_reg[2][29] |  -  |  1   |        |       |       |       |
|       | bank_mem_0_reg[2][28] |  -  |  1   |        |       |       |       |
|       | bank_mem_0_reg[2][27] |  -  |  1   |        |       |       |       |
|       | bank_mem_0_reg[2][26] |  -  |  1   |        |       |       |       |
|       | bank_mem_0_reg[2][25] |  -  |  1   |        |       |       |       |
|       | bank_mem_0_reg[2][24] |  -  |  1   |        |       |       |       |
|       | bank_mem_0_reg[2][23] |  -  |  1   |        |       |       |       |
|       | bank_mem_0_reg[2][22] |  -  |  1   |        |       |       |       |
|       | bank_mem_0_reg[2][21] |  -  |  1   |        |       |       |       |
|       | bank_mem_0_reg[2][20] |  -  |  1   |        |       |       |       |
|       | bank_mem_0_reg[2][19] |  -  |  1   |        |       |       |       |
|       | bank_mem_0_reg[2][18] |  -  |  1   |        |       |       |       |
|       | bank_mem_0_reg[2][17] |  -  |  1   |        |       |       |       |
| cg37  |                   |         |  17  |  yes   |  yes  |  yes  |  yes  |
|       | bank_mem_0_reg[2][16] |  -  |  1   |        |       |       |       |
|       | bank_mem_0_reg[2][15] |  -  |  1   |        |       |       |       |
|       | bank_mem_0_reg[2][14] |  -  |  1   |        |       |       |       |
|       | bank_mem_0_reg[2][13] |  -  |  1   |        |       |       |       |
|       | bank_mem_0_reg[2][12] |  -  |  1   |        |       |       |       |
|       | bank_mem_0_reg[2][11] |  -  |  1   |        |       |       |       |
|       | bank_mem_0_reg[2][10] |  -  |  1   |        |       |       |       |
|       | bank_mem_0_reg[2][9] |  -   |  1   |        |       |       |       |
|       | bank_mem_0_reg[2][8] |  -   |  1   |        |       |       |       |
|       | bank_mem_0_reg[2][7] |  -   |  1   |        |       |       |       |
|       | bank_mem_0_reg[2][6] |  -   |  1   |        |       |       |       |
|       | bank_mem_0_reg[2][5] |  -   |  1   |        |       |       |       |
|       | bank_mem_0_reg[2][4] |  -   |  1   |        |       |       |       |
|       | bank_mem_0_reg[2][3] |  -   |  1   |        |       |       |       |
|       | bank_mem_0_reg[2][2] |  -   |  1   |        |       |       |       |
|       | bank_mem_0_reg[2][1] |  -   |  1   |        |       |       |       |
|       | bank_mem_0_reg[2][0] |  -   |  1   |        |       |       |       |
| cg38  |                   |         |  17  |  yes   |  yes  |  yes  |  yes  |
|       | bank_mem_0_reg[3][33] |  -  |  1   |        |       |       |       |
|       | bank_mem_0_reg[3][32] |  -  |  1   |        |       |       |       |
|       | bank_mem_0_reg[3][31] |  -  |  1   |        |       |       |       |
|       | bank_mem_0_reg[3][30] |  -  |  1   |        |       |       |       |
|       | bank_mem_0_reg[3][29] |  -  |  1   |        |       |       |       |
|       | bank_mem_0_reg[3][28] |  -  |  1   |        |       |       |       |
|       | bank_mem_0_reg[3][27] |  -  |  1   |        |       |       |       |
|       | bank_mem_0_reg[3][26] |  -  |  1   |        |       |       |       |
|       | bank_mem_0_reg[3][25] |  -  |  1   |        |       |       |       |
|       | bank_mem_0_reg[3][24] |  -  |  1   |        |       |       |       |
|       | bank_mem_0_reg[3][23] |  -  |  1   |        |       |       |       |
|       | bank_mem_0_reg[3][22] |  -  |  1   |        |       |       |       |
|       | bank_mem_0_reg[3][21] |  -  |  1   |        |       |       |       |
|       | bank_mem_0_reg[3][20] |  -  |  1   |        |       |       |       |
|       | bank_mem_0_reg[3][19] |  -  |  1   |        |       |       |       |
|       | bank_mem_0_reg[3][18] |  -  |  1   |        |       |       |       |
|       | bank_mem_0_reg[3][17] |  -  |  1   |        |       |       |       |
| cg39  |                   |         |  17  |  yes   |  yes  |  yes  |  yes  |
|       | bank_mem_0_reg[3][16] |  -  |  1   |        |       |       |       |
|       | bank_mem_0_reg[3][15] |  -  |  1   |        |       |       |       |
|       | bank_mem_0_reg[3][14] |  -  |  1   |        |       |       |       |
|       | bank_mem_0_reg[3][13] |  -  |  1   |        |       |       |       |
|       | bank_mem_0_reg[3][12] |  -  |  1   |        |       |       |       |
|       | bank_mem_0_reg[3][11] |  -  |  1   |        |       |       |       |
|       | bank_mem_0_reg[3][10] |  -  |  1   |        |       |       |       |
|       | bank_mem_0_reg[3][9] |  -   |  1   |        |       |       |       |
|       | bank_mem_0_reg[3][8] |  -   |  1   |        |       |       |       |
|       | bank_mem_0_reg[3][7] |  -   |  1   |        |       |       |       |
|       | bank_mem_0_reg[3][6] |  -   |  1   |        |       |       |       |
|       | bank_mem_0_reg[3][5] |  -   |  1   |        |       |       |       |
|       | bank_mem_0_reg[3][4] |  -   |  1   |        |       |       |       |
|       | bank_mem_0_reg[3][3] |  -   |  1   |        |       |       |       |
|       | bank_mem_0_reg[3][2] |  -   |  1   |        |       |       |       |
|       | bank_mem_0_reg[3][1] |  -   |  1   |        |       |       |       |
|       | bank_mem_0_reg[3][0] |  -   |  1   |        |       |       |       |
| cg40  |                   |         |  17  |  yes   |  yes  |  yes  |  yes  |
|       | bank_mem_0_reg[4][33] |  -  |  1   |        |       |       |       |
|       | bank_mem_0_reg[4][32] |  -  |  1   |        |       |       |       |
|       | bank_mem_0_reg[4][31] |  -  |  1   |        |       |       |       |
|       | bank_mem_0_reg[4][30] |  -  |  1   |        |       |       |       |
|       | bank_mem_0_reg[4][29] |  -  |  1   |        |       |       |       |
|       | bank_mem_0_reg[4][28] |  -  |  1   |        |       |       |       |
|       | bank_mem_0_reg[4][27] |  -  |  1   |        |       |       |       |
|       | bank_mem_0_reg[4][26] |  -  |  1   |        |       |       |       |
|       | bank_mem_0_reg[4][25] |  -  |  1   |        |       |       |       |
|       | bank_mem_0_reg[4][24] |  -  |  1   |        |       |       |       |
|       | bank_mem_0_reg[4][23] |  -  |  1   |        |       |       |       |
|       | bank_mem_0_reg[4][22] |  -  |  1   |        |       |       |       |
|       | bank_mem_0_reg[4][21] |  -  |  1   |        |       |       |       |
|       | bank_mem_0_reg[4][20] |  -  |  1   |        |       |       |       |
|       | bank_mem_0_reg[4][19] |  -  |  1   |        |       |       |       |
|       | bank_mem_0_reg[4][18] |  -  |  1   |        |       |       |       |
|       | bank_mem_0_reg[4][17] |  -  |  1   |        |       |       |       |
| cg41  |                   |         |  17  |  yes   |  yes  |  yes  |  yes  |
|       | bank_mem_0_reg[4][16] |  -  |  1   |        |       |       |       |
|       | bank_mem_0_reg[4][15] |  -  |  1   |        |       |       |       |
|       | bank_mem_0_reg[4][14] |  -  |  1   |        |       |       |       |
|       | bank_mem_0_reg[4][13] |  -  |  1   |        |       |       |       |
|       | bank_mem_0_reg[4][12] |  -  |  1   |        |       |       |       |
|       | bank_mem_0_reg[4][11] |  -  |  1   |        |       |       |       |
|       | bank_mem_0_reg[4][10] |  -  |  1   |        |       |       |       |
|       | bank_mem_0_reg[4][9] |  -   |  1   |        |       |       |       |
|       | bank_mem_0_reg[4][8] |  -   |  1   |        |       |       |       |
|       | bank_mem_0_reg[4][7] |  -   |  1   |        |       |       |       |
|       | bank_mem_0_reg[4][6] |  -   |  1   |        |       |       |       |
|       | bank_mem_0_reg[4][5] |  -   |  1   |        |       |       |       |
|       | bank_mem_0_reg[4][4] |  -   |  1   |        |       |       |       |
|       | bank_mem_0_reg[4][3] |  -   |  1   |        |       |       |       |
|       | bank_mem_0_reg[4][2] |  -   |  1   |        |       |       |       |
|       | bank_mem_0_reg[4][1] |  -   |  1   |        |       |       |       |
|       | bank_mem_0_reg[4][0] |  -   |  1   |        |       |       |       |
| cg42  |                   |         |  17  |  yes   |  yes  |  yes  |  yes  |
|       | bank_mem_0_reg[5][33] |  -  |  1   |        |       |       |       |
|       | bank_mem_0_reg[5][32] |  -  |  1   |        |       |       |       |
|       | bank_mem_0_reg[5][31] |  -  |  1   |        |       |       |       |
|       | bank_mem_0_reg[5][30] |  -  |  1   |        |       |       |       |
|       | bank_mem_0_reg[5][29] |  -  |  1   |        |       |       |       |
|       | bank_mem_0_reg[5][28] |  -  |  1   |        |       |       |       |
|       | bank_mem_0_reg[5][27] |  -  |  1   |        |       |       |       |
|       | bank_mem_0_reg[5][26] |  -  |  1   |        |       |       |       |
|       | bank_mem_0_reg[5][25] |  -  |  1   |        |       |       |       |
|       | bank_mem_0_reg[5][24] |  -  |  1   |        |       |       |       |
|       | bank_mem_0_reg[5][23] |  -  |  1   |        |       |       |       |
|       | bank_mem_0_reg[5][22] |  -  |  1   |        |       |       |       |
|       | bank_mem_0_reg[5][21] |  -  |  1   |        |       |       |       |
|       | bank_mem_0_reg[5][20] |  -  |  1   |        |       |       |       |
|       | bank_mem_0_reg[5][19] |  -  |  1   |        |       |       |       |
|       | bank_mem_0_reg[5][18] |  -  |  1   |        |       |       |       |
|       | bank_mem_0_reg[5][17] |  -  |  1   |        |       |       |       |
| cg43  |                   |         |  17  |  yes   |  yes  |  yes  |  yes  |
|       | bank_mem_0_reg[5][16] |  -  |  1   |        |       |       |       |
|       | bank_mem_0_reg[5][15] |  -  |  1   |        |       |       |       |
|       | bank_mem_0_reg[5][14] |  -  |  1   |        |       |       |       |
|       | bank_mem_0_reg[5][13] |  -  |  1   |        |       |       |       |
|       | bank_mem_0_reg[5][12] |  -  |  1   |        |       |       |       |
|       | bank_mem_0_reg[5][11] |  -  |  1   |        |       |       |       |
|       | bank_mem_0_reg[5][10] |  -  |  1   |        |       |       |       |
|       | bank_mem_0_reg[5][9] |  -   |  1   |        |       |       |       |
|       | bank_mem_0_reg[5][8] |  -   |  1   |        |       |       |       |
|       | bank_mem_0_reg[5][7] |  -   |  1   |        |       |       |       |
|       | bank_mem_0_reg[5][6] |  -   |  1   |        |       |       |       |
|       | bank_mem_0_reg[5][5] |  -   |  1   |        |       |       |       |
|       | bank_mem_0_reg[5][4] |  -   |  1   |        |       |       |       |
|       | bank_mem_0_reg[5][3] |  -   |  1   |        |       |       |       |
|       | bank_mem_0_reg[5][2] |  -   |  1   |        |       |       |       |
|       | bank_mem_0_reg[5][1] |  -   |  1   |        |       |       |       |
|       | bank_mem_0_reg[5][0] |  -   |  1   |        |       |       |       |
| cg44  |                   |         |  17  |  yes   |  yes  |  yes  |  yes  |
|       | bank_mem_0_reg[6][33] |  -  |  1   |        |       |       |       |
|       | bank_mem_0_reg[6][32] |  -  |  1   |        |       |       |       |
|       | bank_mem_0_reg[6][31] |  -  |  1   |        |       |       |       |
|       | bank_mem_0_reg[6][30] |  -  |  1   |        |       |       |       |
|       | bank_mem_0_reg[6][29] |  -  |  1   |        |       |       |       |
|       | bank_mem_0_reg[6][28] |  -  |  1   |        |       |       |       |
|       | bank_mem_0_reg[6][27] |  -  |  1   |        |       |       |       |
|       | bank_mem_0_reg[6][26] |  -  |  1   |        |       |       |       |
|       | bank_mem_0_reg[6][25] |  -  |  1   |        |       |       |       |
|       | bank_mem_0_reg[6][24] |  -  |  1   |        |       |       |       |
|       | bank_mem_0_reg[6][23] |  -  |  1   |        |       |       |       |
|       | bank_mem_0_reg[6][22] |  -  |  1   |        |       |       |       |
|       | bank_mem_0_reg[6][21] |  -  |  1   |        |       |       |       |
|       | bank_mem_0_reg[6][20] |  -  |  1   |        |       |       |       |
|       | bank_mem_0_reg[6][19] |  -  |  1   |        |       |       |       |
|       | bank_mem_0_reg[6][18] |  -  |  1   |        |       |       |       |
|       | bank_mem_0_reg[6][17] |  -  |  1   |        |       |       |       |
| cg45  |                   |         |  17  |  yes   |  yes  |  yes  |  yes  |
|       | bank_mem_0_reg[6][16] |  -  |  1   |        |       |       |       |
|       | bank_mem_0_reg[6][15] |  -  |  1   |        |       |       |       |
|       | bank_mem_0_reg[6][14] |  -  |  1   |        |       |       |       |
|       | bank_mem_0_reg[6][13] |  -  |  1   |        |       |       |       |
|       | bank_mem_0_reg[6][12] |  -  |  1   |        |       |       |       |
|       | bank_mem_0_reg[6][11] |  -  |  1   |        |       |       |       |
|       | bank_mem_0_reg[6][10] |  -  |  1   |        |       |       |       |
|       | bank_mem_0_reg[6][9] |  -   |  1   |        |       |       |       |
|       | bank_mem_0_reg[6][8] |  -   |  1   |        |       |       |       |
|       | bank_mem_0_reg[6][7] |  -   |  1   |        |       |       |       |
|       | bank_mem_0_reg[6][6] |  -   |  1   |        |       |       |       |
|       | bank_mem_0_reg[6][5] |  -   |  1   |        |       |       |       |
|       | bank_mem_0_reg[6][4] |  -   |  1   |        |       |       |       |
|       | bank_mem_0_reg[6][3] |  -   |  1   |        |       |       |       |
|       | bank_mem_0_reg[6][2] |  -   |  1   |        |       |       |       |
|       | bank_mem_0_reg[6][1] |  -   |  1   |        |       |       |       |
|       | bank_mem_0_reg[6][0] |  -   |  1   |        |       |       |       |
| cg46  |                   |         |  17  |  yes   |  yes  |  yes  |  yes  |
|       | bank_mem_0_reg[7][33] |  -  |  1   |        |       |       |       |
|       | bank_mem_0_reg[7][32] |  -  |  1   |        |       |       |       |
|       | bank_mem_0_reg[7][31] |  -  |  1   |        |       |       |       |
|       | bank_mem_0_reg[7][30] |  -  |  1   |        |       |       |       |
|       | bank_mem_0_reg[7][29] |  -  |  1   |        |       |       |       |
|       | bank_mem_0_reg[7][28] |  -  |  1   |        |       |       |       |
|       | bank_mem_0_reg[7][27] |  -  |  1   |        |       |       |       |
|       | bank_mem_0_reg[7][26] |  -  |  1   |        |       |       |       |
|       | bank_mem_0_reg[7][25] |  -  |  1   |        |       |       |       |
|       | bank_mem_0_reg[7][24] |  -  |  1   |        |       |       |       |
|       | bank_mem_0_reg[7][23] |  -  |  1   |        |       |       |       |
|       | bank_mem_0_reg[7][22] |  -  |  1   |        |       |       |       |
|       | bank_mem_0_reg[7][21] |  -  |  1   |        |       |       |       |
|       | bank_mem_0_reg[7][20] |  -  |  1   |        |       |       |       |
|       | bank_mem_0_reg[7][19] |  -  |  1   |        |       |       |       |
|       | bank_mem_0_reg[7][18] |  -  |  1   |        |       |       |       |
|       | bank_mem_0_reg[7][17] |  -  |  1   |        |       |       |       |
| cg47  |                   |         |  17  |  yes   |  yes  |  yes  |  yes  |
|       | bank_mem_0_reg[7][16] |  -  |  1   |        |       |       |       |
|       | bank_mem_0_reg[7][15] |  -  |  1   |        |       |       |       |
|       | bank_mem_0_reg[7][14] |  -  |  1   |        |       |       |       |
|       | bank_mem_0_reg[7][13] |  -  |  1   |        |       |       |       |
|       | bank_mem_0_reg[7][12] |  -  |  1   |        |       |       |       |
|       | bank_mem_0_reg[7][11] |  -  |  1   |        |       |       |       |
|       | bank_mem_0_reg[7][10] |  -  |  1   |        |       |       |       |
|       | bank_mem_0_reg[7][9] |  -   |  1   |        |       |       |       |
|       | bank_mem_0_reg[7][8] |  -   |  1   |        |       |       |       |
|       | bank_mem_0_reg[7][7] |  -   |  1   |        |       |       |       |
|       | bank_mem_0_reg[7][6] |  -   |  1   |        |       |       |       |
|       | bank_mem_0_reg[7][5] |  -   |  1   |        |       |       |       |
|       | bank_mem_0_reg[7][4] |  -   |  1   |        |       |       |       |
|       | bank_mem_0_reg[7][3] |  -   |  1   |        |       |       |       |
|       | bank_mem_0_reg[7][2] |  -   |  1   |        |       |       |       |
|       | bank_mem_0_reg[7][1] |  -   |  1   |        |       |       |       |
|       | bank_mem_0_reg[7][0] |  -   |  1   |        |       |       |       |
| cg48  |                   |         |  17  |  yes   |  yes  |  yes  |  yes  |
|       | bank_mem_0_reg[8][33] |  -  |  1   |        |       |       |       |
|       | bank_mem_0_reg[8][32] |  -  |  1   |        |       |       |       |
|       | bank_mem_0_reg[8][31] |  -  |  1   |        |       |       |       |
|       | bank_mem_0_reg[8][30] |  -  |  1   |        |       |       |       |
|       | bank_mem_0_reg[8][29] |  -  |  1   |        |       |       |       |
|       | bank_mem_0_reg[8][28] |  -  |  1   |        |       |       |       |
|       | bank_mem_0_reg[8][27] |  -  |  1   |        |       |       |       |
|       | bank_mem_0_reg[8][26] |  -  |  1   |        |       |       |       |
|       | bank_mem_0_reg[8][25] |  -  |  1   |        |       |       |       |
|       | bank_mem_0_reg[8][24] |  -  |  1   |        |       |       |       |
|       | bank_mem_0_reg[8][23] |  -  |  1   |        |       |       |       |
|       | bank_mem_0_reg[8][22] |  -  |  1   |        |       |       |       |
|       | bank_mem_0_reg[8][21] |  -  |  1   |        |       |       |       |
|       | bank_mem_0_reg[8][20] |  -  |  1   |        |       |       |       |
|       | bank_mem_0_reg[8][19] |  -  |  1   |        |       |       |       |
|       | bank_mem_0_reg[8][18] |  -  |  1   |        |       |       |       |
|       | bank_mem_0_reg[8][17] |  -  |  1   |        |       |       |       |
| cg49  |                   |         |  17  |  yes   |  yes  |  yes  |  yes  |
|       | bank_mem_0_reg[8][16] |  -  |  1   |        |       |       |       |
|       | bank_mem_0_reg[8][15] |  -  |  1   |        |       |       |       |
|       | bank_mem_0_reg[8][14] |  -  |  1   |        |       |       |       |
|       | bank_mem_0_reg[8][13] |  -  |  1   |        |       |       |       |
|       | bank_mem_0_reg[8][12] |  -  |  1   |        |       |       |       |
|       | bank_mem_0_reg[8][11] |  -  |  1   |        |       |       |       |
|       | bank_mem_0_reg[8][10] |  -  |  1   |        |       |       |       |
|       | bank_mem_0_reg[8][9] |  -   |  1   |        |       |       |       |
|       | bank_mem_0_reg[8][8] |  -   |  1   |        |       |       |       |
|       | bank_mem_0_reg[8][7] |  -   |  1   |        |       |       |       |
|       | bank_mem_0_reg[8][6] |  -   |  1   |        |       |       |       |
|       | bank_mem_0_reg[8][5] |  -   |  1   |        |       |       |       |
|       | bank_mem_0_reg[8][4] |  -   |  1   |        |       |       |       |
|       | bank_mem_0_reg[8][3] |  -   |  1   |        |       |       |       |
|       | bank_mem_0_reg[8][2] |  -   |  1   |        |       |       |       |
|       | bank_mem_0_reg[8][1] |  -   |  1   |        |       |       |       |
|       | bank_mem_0_reg[8][0] |  -   |  1   |        |       |       |       |
| cg50  |                   |         |  17  |  yes   |  yes  |  yes  |  yes  |
|       | bank_mem_0_reg[9][33] |  -  |  1   |        |       |       |       |
|       | bank_mem_0_reg[9][32] |  -  |  1   |        |       |       |       |
|       | bank_mem_0_reg[9][31] |  -  |  1   |        |       |       |       |
|       | bank_mem_0_reg[9][30] |  -  |  1   |        |       |       |       |
|       | bank_mem_0_reg[9][29] |  -  |  1   |        |       |       |       |
|       | bank_mem_0_reg[9][28] |  -  |  1   |        |       |       |       |
|       | bank_mem_0_reg[9][27] |  -  |  1   |        |       |       |       |
|       | bank_mem_0_reg[9][26] |  -  |  1   |        |       |       |       |
|       | bank_mem_0_reg[9][25] |  -  |  1   |        |       |       |       |
|       | bank_mem_0_reg[9][24] |  -  |  1   |        |       |       |       |
|       | bank_mem_0_reg[9][23] |  -  |  1   |        |       |       |       |
|       | bank_mem_0_reg[9][22] |  -  |  1   |        |       |       |       |
|       | bank_mem_0_reg[9][21] |  -  |  1   |        |       |       |       |
|       | bank_mem_0_reg[9][20] |  -  |  1   |        |       |       |       |
|       | bank_mem_0_reg[9][19] |  -  |  1   |        |       |       |       |
|       | bank_mem_0_reg[9][18] |  -  |  1   |        |       |       |       |
|       | bank_mem_0_reg[9][17] |  -  |  1   |        |       |       |       |
| cg51  |                   |         |  17  |  yes   |  yes  |  yes  |  yes  |
|       | bank_mem_0_reg[9][16] |  -  |  1   |        |       |       |       |
|       | bank_mem_0_reg[9][15] |  -  |  1   |        |       |       |       |
|       | bank_mem_0_reg[9][14] |  -  |  1   |        |       |       |       |
|       | bank_mem_0_reg[9][13] |  -  |  1   |        |       |       |       |
|       | bank_mem_0_reg[9][12] |  -  |  1   |        |       |       |       |
|       | bank_mem_0_reg[9][11] |  -  |  1   |        |       |       |       |
|       | bank_mem_0_reg[9][10] |  -  |  1   |        |       |       |       |
|       | bank_mem_0_reg[9][9] |  -   |  1   |        |       |       |       |
|       | bank_mem_0_reg[9][8] |  -   |  1   |        |       |       |       |
|       | bank_mem_0_reg[9][7] |  -   |  1   |        |       |       |       |
|       | bank_mem_0_reg[9][6] |  -   |  1   |        |       |       |       |
|       | bank_mem_0_reg[9][5] |  -   |  1   |        |       |       |       |
|       | bank_mem_0_reg[9][4] |  -   |  1   |        |       |       |       |
|       | bank_mem_0_reg[9][3] |  -   |  1   |        |       |       |       |
|       | bank_mem_0_reg[9][2] |  -   |  1   |        |       |       |       |
|       | bank_mem_0_reg[9][1] |  -   |  1   |        |       |       |       |
|       | bank_mem_0_reg[9][0] |  -   |  1   |        |       |       |       |
| cg52  |                   |         |  17  |  yes   |  yes  |  yes  |  yes  |
|       | bank_mem_0_reg[10][33] | -  |  1   |        |       |       |       |
|       | bank_mem_0_reg[10][32] | -  |  1   |        |       |       |       |
|       | bank_mem_0_reg[10][31] | -  |  1   |        |       |       |       |
|       | bank_mem_0_reg[10][30] | -  |  1   |        |       |       |       |
|       | bank_mem_0_reg[10][29] | -  |  1   |        |       |       |       |
|       | bank_mem_0_reg[10][28] | -  |  1   |        |       |       |       |
|       | bank_mem_0_reg[10][27] | -  |  1   |        |       |       |       |
|       | bank_mem_0_reg[10][26] | -  |  1   |        |       |       |       |
|       | bank_mem_0_reg[10][25] | -  |  1   |        |       |       |       |
|       | bank_mem_0_reg[10][24] | -  |  1   |        |       |       |       |
|       | bank_mem_0_reg[10][23] | -  |  1   |        |       |       |       |
|       | bank_mem_0_reg[10][22] | -  |  1   |        |       |       |       |
|       | bank_mem_0_reg[10][21] | -  |  1   |        |       |       |       |
|       | bank_mem_0_reg[10][20] | -  |  1   |        |       |       |       |
|       | bank_mem_0_reg[10][19] | -  |  1   |        |       |       |       |
|       | bank_mem_0_reg[10][18] | -  |  1   |        |       |       |       |
|       | bank_mem_0_reg[10][17] | -  |  1   |        |       |       |       |
| cg53  |                   |         |  17  |  yes   |  yes  |  yes  |  yes  |
|       | bank_mem_0_reg[10][16] | -  |  1   |        |       |       |       |
|       | bank_mem_0_reg[10][15] | -  |  1   |        |       |       |       |
|       | bank_mem_0_reg[10][14] | -  |  1   |        |       |       |       |
|       | bank_mem_0_reg[10][13] | -  |  1   |        |       |       |       |
|       | bank_mem_0_reg[10][12] | -  |  1   |        |       |       |       |
|       | bank_mem_0_reg[10][11] | -  |  1   |        |       |       |       |
|       | bank_mem_0_reg[10][10] | -  |  1   |        |       |       |       |
|       | bank_mem_0_reg[10][9] |  -  |  1   |        |       |       |       |
|       | bank_mem_0_reg[10][8] |  -  |  1   |        |       |       |       |
|       | bank_mem_0_reg[10][7] |  -  |  1   |        |       |       |       |
|       | bank_mem_0_reg[10][6] |  -  |  1   |        |       |       |       |
|       | bank_mem_0_reg[10][5] |  -  |  1   |        |       |       |       |
|       | bank_mem_0_reg[10][4] |  -  |  1   |        |       |       |       |
|       | bank_mem_0_reg[10][3] |  -  |  1   |        |       |       |       |
|       | bank_mem_0_reg[10][2] |  -  |  1   |        |       |       |       |
|       | bank_mem_0_reg[10][1] |  -  |  1   |        |       |       |       |
|       | bank_mem_0_reg[10][0] |  -  |  1   |        |       |       |       |
| cg54  |                   |         |  17  |  yes   |  yes  |  yes  |  yes  |
|       | bank_mem_0_reg[11][33] | -  |  1   |        |       |       |       |
|       | bank_mem_0_reg[11][32] | -  |  1   |        |       |       |       |
|       | bank_mem_0_reg[11][31] | -  |  1   |        |       |       |       |
|       | bank_mem_0_reg[11][30] | -  |  1   |        |       |       |       |
|       | bank_mem_0_reg[11][29] | -  |  1   |        |       |       |       |
|       | bank_mem_0_reg[11][28] | -  |  1   |        |       |       |       |
|       | bank_mem_0_reg[11][27] | -  |  1   |        |       |       |       |
|       | bank_mem_0_reg[11][26] | -  |  1   |        |       |       |       |
|       | bank_mem_0_reg[11][25] | -  |  1   |        |       |       |       |
|       | bank_mem_0_reg[11][24] | -  |  1   |        |       |       |       |
|       | bank_mem_0_reg[11][23] | -  |  1   |        |       |       |       |
|       | bank_mem_0_reg[11][22] | -  |  1   |        |       |       |       |
|       | bank_mem_0_reg[11][21] | -  |  1   |        |       |       |       |
|       | bank_mem_0_reg[11][20] | -  |  1   |        |       |       |       |
|       | bank_mem_0_reg[11][19] | -  |  1   |        |       |       |       |
|       | bank_mem_0_reg[11][18] | -  |  1   |        |       |       |       |
|       | bank_mem_0_reg[11][17] | -  |  1   |        |       |       |       |
| cg55  |                   |         |  17  |  yes   |  yes  |  yes  |  yes  |
|       | bank_mem_0_reg[11][16] | -  |  1   |        |       |       |       |
|       | bank_mem_0_reg[11][15] | -  |  1   |        |       |       |       |
|       | bank_mem_0_reg[11][14] | -  |  1   |        |       |       |       |
|       | bank_mem_0_reg[11][13] | -  |  1   |        |       |       |       |
|       | bank_mem_0_reg[11][12] | -  |  1   |        |       |       |       |
|       | bank_mem_0_reg[11][11] | -  |  1   |        |       |       |       |
|       | bank_mem_0_reg[11][10] | -  |  1   |        |       |       |       |
|       | bank_mem_0_reg[11][9] |  -  |  1   |        |       |       |       |
|       | bank_mem_0_reg[11][8] |  -  |  1   |        |       |       |       |
|       | bank_mem_0_reg[11][7] |  -  |  1   |        |       |       |       |
|       | bank_mem_0_reg[11][6] |  -  |  1   |        |       |       |       |
|       | bank_mem_0_reg[11][5] |  -  |  1   |        |       |       |       |
|       | bank_mem_0_reg[11][4] |  -  |  1   |        |       |       |       |
|       | bank_mem_0_reg[11][3] |  -  |  1   |        |       |       |       |
|       | bank_mem_0_reg[11][2] |  -  |  1   |        |       |       |       |
|       | bank_mem_0_reg[11][1] |  -  |  1   |        |       |       |       |
|       | bank_mem_0_reg[11][0] |  -  |  1   |        |       |       |       |
| cg56  |                   |         |  17  |  yes   |  yes  |  yes  |  yes  |
|       | bank_mem_0_reg[12][33] | -  |  1   |        |       |       |       |
|       | bank_mem_0_reg[12][32] | -  |  1   |        |       |       |       |
|       | bank_mem_0_reg[12][31] | -  |  1   |        |       |       |       |
|       | bank_mem_0_reg[12][30] | -  |  1   |        |       |       |       |
|       | bank_mem_0_reg[12][29] | -  |  1   |        |       |       |       |
|       | bank_mem_0_reg[12][28] | -  |  1   |        |       |       |       |
|       | bank_mem_0_reg[12][27] | -  |  1   |        |       |       |       |
|       | bank_mem_0_reg[12][26] | -  |  1   |        |       |       |       |
|       | bank_mem_0_reg[12][25] | -  |  1   |        |       |       |       |
|       | bank_mem_0_reg[12][24] | -  |  1   |        |       |       |       |
|       | bank_mem_0_reg[12][23] | -  |  1   |        |       |       |       |
|       | bank_mem_0_reg[12][22] | -  |  1   |        |       |       |       |
|       | bank_mem_0_reg[12][21] | -  |  1   |        |       |       |       |
|       | bank_mem_0_reg[12][20] | -  |  1   |        |       |       |       |
|       | bank_mem_0_reg[12][19] | -  |  1   |        |       |       |       |
|       | bank_mem_0_reg[12][18] | -  |  1   |        |       |       |       |
|       | bank_mem_0_reg[12][17] | -  |  1   |        |       |       |       |
| cg57  |                   |         |  17  |  yes   |  yes  |  yes  |  yes  |
|       | bank_mem_0_reg[12][16] | -  |  1   |        |       |       |       |
|       | bank_mem_0_reg[12][15] | -  |  1   |        |       |       |       |
|       | bank_mem_0_reg[12][14] | -  |  1   |        |       |       |       |
|       | bank_mem_0_reg[12][13] | -  |  1   |        |       |       |       |
|       | bank_mem_0_reg[12][12] | -  |  1   |        |       |       |       |
|       | bank_mem_0_reg[12][11] | -  |  1   |        |       |       |       |
|       | bank_mem_0_reg[12][10] | -  |  1   |        |       |       |       |
|       | bank_mem_0_reg[12][9] |  -  |  1   |        |       |       |       |
|       | bank_mem_0_reg[12][8] |  -  |  1   |        |       |       |       |
|       | bank_mem_0_reg[12][7] |  -  |  1   |        |       |       |       |
|       | bank_mem_0_reg[12][6] |  -  |  1   |        |       |       |       |
|       | bank_mem_0_reg[12][5] |  -  |  1   |        |       |       |       |
|       | bank_mem_0_reg[12][4] |  -  |  1   |        |       |       |       |
|       | bank_mem_0_reg[12][3] |  -  |  1   |        |       |       |       |
|       | bank_mem_0_reg[12][2] |  -  |  1   |        |       |       |       |
|       | bank_mem_0_reg[12][1] |  -  |  1   |        |       |       |       |
|       | bank_mem_0_reg[12][0] |  -  |  1   |        |       |       |       |
| cg58  |                   |         |  17  |  yes   |  yes  |  yes  |  yes  |
|       | bank_mem_0_reg[13][33] | -  |  1   |        |       |       |       |
|       | bank_mem_0_reg[13][32] | -  |  1   |        |       |       |       |
|       | bank_mem_0_reg[13][31] | -  |  1   |        |       |       |       |
|       | bank_mem_0_reg[13][30] | -  |  1   |        |       |       |       |
|       | bank_mem_0_reg[13][29] | -  |  1   |        |       |       |       |
|       | bank_mem_0_reg[13][28] | -  |  1   |        |       |       |       |
|       | bank_mem_0_reg[13][27] | -  |  1   |        |       |       |       |
|       | bank_mem_0_reg[13][26] | -  |  1   |        |       |       |       |
|       | bank_mem_0_reg[13][25] | -  |  1   |        |       |       |       |
|       | bank_mem_0_reg[13][24] | -  |  1   |        |       |       |       |
|       | bank_mem_0_reg[13][23] | -  |  1   |        |       |       |       |
|       | bank_mem_0_reg[13][22] | -  |  1   |        |       |       |       |
|       | bank_mem_0_reg[13][21] | -  |  1   |        |       |       |       |
|       | bank_mem_0_reg[13][20] | -  |  1   |        |       |       |       |
|       | bank_mem_0_reg[13][19] | -  |  1   |        |       |       |       |
|       | bank_mem_0_reg[13][18] | -  |  1   |        |       |       |       |
|       | bank_mem_0_reg[13][17] | -  |  1   |        |       |       |       |
| cg59  |                   |         |  17  |  yes   |  yes  |  yes  |  yes  |
|       | bank_mem_0_reg[13][16] | -  |  1   |        |       |       |       |
|       | bank_mem_0_reg[13][15] | -  |  1   |        |       |       |       |
|       | bank_mem_0_reg[13][14] | -  |  1   |        |       |       |       |
|       | bank_mem_0_reg[13][13] | -  |  1   |        |       |       |       |
|       | bank_mem_0_reg[13][12] | -  |  1   |        |       |       |       |
|       | bank_mem_0_reg[13][11] | -  |  1   |        |       |       |       |
|       | bank_mem_0_reg[13][10] | -  |  1   |        |       |       |       |
|       | bank_mem_0_reg[13][9] |  -  |  1   |        |       |       |       |
|       | bank_mem_0_reg[13][8] |  -  |  1   |        |       |       |       |
|       | bank_mem_0_reg[13][7] |  -  |  1   |        |       |       |       |
|       | bank_mem_0_reg[13][6] |  -  |  1   |        |       |       |       |
|       | bank_mem_0_reg[13][5] |  -  |  1   |        |       |       |       |
|       | bank_mem_0_reg[13][4] |  -  |  1   |        |       |       |       |
|       | bank_mem_0_reg[13][3] |  -  |  1   |        |       |       |       |
|       | bank_mem_0_reg[13][2] |  -  |  1   |        |       |       |       |
|       | bank_mem_0_reg[13][1] |  -  |  1   |        |       |       |       |
|       | bank_mem_0_reg[13][0] |  -  |  1   |        |       |       |       |
| cg60  |                   |         |  17  |  yes   |  yes  |  yes  |  yes  |
|       | bank_mem_0_reg[14][33] | -  |  1   |        |       |       |       |
|       | bank_mem_0_reg[14][32] | -  |  1   |        |       |       |       |
|       | bank_mem_0_reg[14][31] | -  |  1   |        |       |       |       |
|       | bank_mem_0_reg[14][30] | -  |  1   |        |       |       |       |
|       | bank_mem_0_reg[14][29] | -  |  1   |        |       |       |       |
|       | bank_mem_0_reg[14][28] | -  |  1   |        |       |       |       |
|       | bank_mem_0_reg[14][27] | -  |  1   |        |       |       |       |
|       | bank_mem_0_reg[14][26] | -  |  1   |        |       |       |       |
|       | bank_mem_0_reg[14][25] | -  |  1   |        |       |       |       |
|       | bank_mem_0_reg[14][24] | -  |  1   |        |       |       |       |
|       | bank_mem_0_reg[14][23] | -  |  1   |        |       |       |       |
|       | bank_mem_0_reg[14][22] | -  |  1   |        |       |       |       |
|       | bank_mem_0_reg[14][21] | -  |  1   |        |       |       |       |
|       | bank_mem_0_reg[14][20] | -  |  1   |        |       |       |       |
|       | bank_mem_0_reg[14][19] | -  |  1   |        |       |       |       |
|       | bank_mem_0_reg[14][18] | -  |  1   |        |       |       |       |
|       | bank_mem_0_reg[14][17] | -  |  1   |        |       |       |       |
| cg61  |                   |         |  17  |  yes   |  yes  |  yes  |  yes  |
|       | bank_mem_0_reg[14][16] | -  |  1   |        |       |       |       |
|       | bank_mem_0_reg[14][15] | -  |  1   |        |       |       |       |
|       | bank_mem_0_reg[14][14] | -  |  1   |        |       |       |       |
|       | bank_mem_0_reg[14][13] | -  |  1   |        |       |       |       |
|       | bank_mem_0_reg[14][12] | -  |  1   |        |       |       |       |
|       | bank_mem_0_reg[14][11] | -  |  1   |        |       |       |       |
|       | bank_mem_0_reg[14][10] | -  |  1   |        |       |       |       |
|       | bank_mem_0_reg[14][9] |  -  |  1   |        |       |       |       |
|       | bank_mem_0_reg[14][8] |  -  |  1   |        |       |       |       |
|       | bank_mem_0_reg[14][7] |  -  |  1   |        |       |       |       |
|       | bank_mem_0_reg[14][6] |  -  |  1   |        |       |       |       |
|       | bank_mem_0_reg[14][5] |  -  |  1   |        |       |       |       |
|       | bank_mem_0_reg[14][4] |  -  |  1   |        |       |       |       |
|       | bank_mem_0_reg[14][3] |  -  |  1   |        |       |       |       |
|       | bank_mem_0_reg[14][2] |  -  |  1   |        |       |       |       |
|       | bank_mem_0_reg[14][1] |  -  |  1   |        |       |       |       |
|       | bank_mem_0_reg[14][0] |  -  |  1   |        |       |       |       |
| cg62  |                   |         |  17  |  yes   |  yes  |  yes  |  yes  |
|       | bank_mem_0_reg[15][33] | -  |  1   |        |       |       |       |
|       | bank_mem_0_reg[15][32] | -  |  1   |        |       |       |       |
|       | bank_mem_0_reg[15][31] | -  |  1   |        |       |       |       |
|       | bank_mem_0_reg[15][30] | -  |  1   |        |       |       |       |
|       | bank_mem_0_reg[15][29] | -  |  1   |        |       |       |       |
|       | bank_mem_0_reg[15][28] | -  |  1   |        |       |       |       |
|       | bank_mem_0_reg[15][27] | -  |  1   |        |       |       |       |
|       | bank_mem_0_reg[15][26] | -  |  1   |        |       |       |       |
|       | bank_mem_0_reg[15][25] | -  |  1   |        |       |       |       |
|       | bank_mem_0_reg[15][24] | -  |  1   |        |       |       |       |
|       | bank_mem_0_reg[15][23] | -  |  1   |        |       |       |       |
|       | bank_mem_0_reg[15][22] | -  |  1   |        |       |       |       |
|       | bank_mem_0_reg[15][21] | -  |  1   |        |       |       |       |
|       | bank_mem_0_reg[15][20] | -  |  1   |        |       |       |       |
|       | bank_mem_0_reg[15][19] | -  |  1   |        |       |       |       |
|       | bank_mem_0_reg[15][18] | -  |  1   |        |       |       |       |
|       | bank_mem_0_reg[15][17] | -  |  1   |        |       |       |       |
| cg63  |                   |         |  17  |  yes   |  yes  |  yes  |  yes  |
|       | bank_mem_0_reg[15][16] | -  |  1   |        |       |       |       |
|       | bank_mem_0_reg[15][15] | -  |  1   |        |       |       |       |
|       | bank_mem_0_reg[15][14] | -  |  1   |        |       |       |       |
|       | bank_mem_0_reg[15][13] | -  |  1   |        |       |       |       |
|       | bank_mem_0_reg[15][12] | -  |  1   |        |       |       |       |
|       | bank_mem_0_reg[15][11] | -  |  1   |        |       |       |       |
|       | bank_mem_0_reg[15][10] | -  |  1   |        |       |       |       |
|       | bank_mem_0_reg[15][9] |  -  |  1   |        |       |       |       |
|       | bank_mem_0_reg[15][8] |  -  |  1   |        |       |       |       |
|       | bank_mem_0_reg[15][7] |  -  |  1   |        |       |       |       |
|       | bank_mem_0_reg[15][6] |  -  |  1   |        |       |       |       |
|       | bank_mem_0_reg[15][5] |  -  |  1   |        |       |       |       |
|       | bank_mem_0_reg[15][4] |  -  |  1   |        |       |       |       |
|       | bank_mem_0_reg[15][3] |  -  |  1   |        |       |       |       |
|       | bank_mem_0_reg[15][2] |  -  |  1   |        |       |       |       |
|       | bank_mem_0_reg[15][1] |  -  |  1   |        |       |       |       |
|       | bank_mem_0_reg[15][0] |  -  |  1   |        |       |       |       |
|       |                   |         |      |        |       |       |       |
|       | UNGATED REGISTERS |         |      |        |       |       |       |
|       | read_data_1_reg[33] |   -   |  1   |   no   |  ??   |  ??   |  no   |
|       | read_data_1_reg[32] |   -   |  1   |   no   |  ??   |  ??   |  no   |
|       | read_data_1_reg[31] |   -   |  1   |   no   |  ??   |  ??   |  no   |
|       | read_data_1_reg[30] |   -   |  1   |   no   |  ??   |  ??   |  no   |
|       | read_data_1_reg[29] |   -   |  1   |   no   |  ??   |  ??   |  no   |
|       | read_data_1_reg[28] |   -   |  1   |   no   |  ??   |  ??   |  no   |
|       | read_data_1_reg[27] |   -   |  1   |   no   |  ??   |  ??   |  no   |
|       | read_data_1_reg[26] |   -   |  1   |   no   |  ??   |  ??   |  no   |
|       | read_data_1_reg[25] |   -   |  1   |   no   |  ??   |  ??   |  no   |
|       | read_data_1_reg[24] |   -   |  1   |   no   |  ??   |  ??   |  no   |
|       | read_data_1_reg[23] |   -   |  1   |   no   |  ??   |  ??   |  no   |
|       | read_data_1_reg[22] |   -   |  1   |   no   |  ??   |  ??   |  no   |
|       | read_data_1_reg[21] |   -   |  1   |   no   |  ??   |  ??   |  no   |
|       | read_data_1_reg[20] |   -   |  1   |   no   |  ??   |  ??   |  no   |
|       | read_data_1_reg[19] |   -   |  1   |   no   |  ??   |  ??   |  no   |
|       | read_data_1_reg[18] |   -   |  1   |   no   |  ??   |  ??   |  no   |
|       | read_data_1_reg[17] |   -   |  1   |   no   |  ??   |  ??   |  no   |
|       | read_data_1_reg[16] |   -   |  1   |   no   |  ??   |  ??   |  no   |
|       | read_data_1_reg[15] |   -   |  1   |   no   |  ??   |  ??   |  no   |
|       | read_data_1_reg[14] |   -   |  1   |   no   |  ??   |  ??   |  no   |
|       | read_data_1_reg[13] |   -   |  1   |   no   |  ??   |  ??   |  no   |
|       | read_data_1_reg[12] |   -   |  1   |   no   |  ??   |  ??   |  no   |
|       | read_data_1_reg[11] |   -   |  1   |   no   |  ??   |  ??   |  no   |
|       | read_data_1_reg[10] |   -   |  1   |   no   |  ??   |  ??   |  no   |
|       | read_data_1_reg[9] |   -    |  1   |   no   |  ??   |  ??   |  no   |
|       | read_data_1_reg[8] |   -    |  1   |   no   |  ??   |  ??   |  no   |
|       | read_data_1_reg[7] |   -    |  1   |   no   |  ??   |  ??   |  no   |
|       | read_data_1_reg[6] |   -    |  1   |   no   |  ??   |  ??   |  no   |
|       | read_data_1_reg[5] |   -    |  1   |   no   |  ??   |  ??   |  no   |
|       | read_data_1_reg[4] |   -    |  1   |   no   |  ??   |  ??   |  no   |
|       | read_data_1_reg[3] |   -    |  1   |   no   |  ??   |  ??   |  no   |
|       | read_data_1_reg[2] |   -    |  1   |   no   |  ??   |  ??   |  no   |
|       | read_data_1_reg[1] |   -    |  1   |   no   |  ??   |  ??   |  no   |
|       | read_data_1_reg[0] |   -    |  1   |   no   |  ??   |  ??   |  no   |
===============================================================================

Summary:
Flip-Flops                        Banks                   Bit-Width
                              number  percentage      number  percentage
Clock gated (total):            64           98       1088           96
Clock not gated because
   Bank was excluded:            0            0          0            0
   Bank width too small:         0            0          0            0
   Enable condition not met:     1            1         34            3
   Setup condition violated:     0            0          0            0
Total:                          65          100       1122          100


Information: Performing clock-gating on design DFrFT_MAC
Information: Performing clock-gating on design PE_Shift_Add_0


Clock Gate Insertion Report
===============================================================================
| Gated |                   | Include |      | Enable | Setup | Width | Clock |
| Group |  Flip-Flop Name   | Exclude | Bits | Cond.  | Cond. | Cond. | Gated |
===============================================================================
|       |                   |         |      |        |       |       |       |
|       |  GATED REGISTERS  |         |      |        |       |       |       |
| cg0   |                   |         |  17  |  yes   |  yes  |  yes  |  yes  |
|       |   y_out_reg[16]   |    -    |  1   |        |       |       |       |
|       |   y_out_reg[15]   |    -    |  1   |        |       |       |       |
|       |   y_out_reg[14]   |    -    |  1   |        |       |       |       |
|       |   y_out_reg[13]   |    -    |  1   |        |       |       |       |
|       |   y_out_reg[12]   |    -    |  1   |        |       |       |       |
|       |   y_out_reg[11]   |    -    |  1   |        |       |       |       |
|       |   y_out_reg[10]   |    -    |  1   |        |       |       |       |
|       |   y_out_reg[9]    |    -    |  1   |        |       |       |       |
|       |   y_out_reg[8]    |    -    |  1   |        |       |       |       |
|       |   y_out_reg[7]    |    -    |  1   |        |       |       |       |
|       |   y_out_reg[6]    |    -    |  1   |        |       |       |       |
|       |   y_out_reg[5]    |    -    |  1   |        |       |       |       |
|       |   y_out_reg[4]    |    -    |  1   |        |       |       |       |
|       |   y_out_reg[3]    |    -    |  1   |        |       |       |       |
|       |   y_out_reg[2]    |    -    |  1   |        |       |       |       |
|       |   y_out_reg[1]    |    -    |  1   |        |       |       |       |
|       |   y_out_reg[0]    |    -    |  1   |        |       |       |       |
|       |                   |         |      |        |       |       |       |
|       | UNGATED REGISTERS |         |      |        |       |       |       |
|       |  acc_reg_reg[26]  |    -    |  1   |   no   |  ??   |  ??   |  no   |
|       |  acc_reg_reg[25]  |    -    |  1   |   no   |  ??   |  ??   |  no   |
|       |  acc_reg_reg[24]  |    -    |  1   |   no   |  ??   |  ??   |  no   |
|       |  acc_reg_reg[23]  |    -    |  1   |   no   |  ??   |  ??   |  no   |
|       |  acc_reg_reg[22]  |    -    |  1   |   no   |  ??   |  ??   |  no   |
|       |  acc_reg_reg[21]  |    -    |  1   |   no   |  ??   |  ??   |  no   |
|       |  acc_reg_reg[20]  |    -    |  1   |   no   |  ??   |  ??   |  no   |
|       |  acc_reg_reg[19]  |    -    |  1   |   no   |  ??   |  ??   |  no   |
|       |  acc_reg_reg[18]  |    -    |  1   |   no   |  ??   |  ??   |  no   |
|       |  acc_reg_reg[17]  |    -    |  1   |   no   |  ??   |  ??   |  no   |
|       |  acc_reg_reg[16]  |    -    |  1   |   no   |  ??   |  ??   |  no   |
|       |  acc_reg_reg[15]  |    -    |  1   |   no   |  ??   |  ??   |  no   |
|       |  acc_reg_reg[14]  |    -    |  1   |   no   |  ??   |  ??   |  no   |
|       |  acc_reg_reg[13]  |    -    |  1   |   no   |  ??   |  ??   |  no   |
|       |  acc_reg_reg[12]  |    -    |  1   |   no   |  ??   |  ??   |  no   |
|       |  acc_reg_reg[11]  |    -    |  1   |   no   |  ??   |  ??   |  no   |
|       |  acc_reg_reg[10]  |    -    |  1   |   no   |  ??   |  ??   |  no   |
|       |  acc_reg_reg[9]   |    -    |  1   |   no   |  ??   |  ??   |  no   |
|       |  acc_reg_reg[8]   |    -    |  1   |   no   |  ??   |  ??   |  no   |
|       |  acc_reg_reg[7]   |    -    |  1   |   no   |  ??   |  ??   |  no   |
|       |  acc_reg_reg[6]   |    -    |  1   |   no   |  ??   |  ??   |  no   |
|       |  acc_reg_reg[5]   |    -    |  1   |   no   |  ??   |  ??   |  no   |
|       |  acc_reg_reg[4]   |    -    |  1   |   no   |  ??   |  ??   |  no   |
|       |  acc_reg_reg[3]   |    -    |  1   |   no   |  ??   |  ??   |  no   |
|       |  acc_reg_reg[2]   |    -    |  1   |   no   |  ??   |  ??   |  no   |
|       |  acc_reg_reg[1]   |    -    |  1   |   no   |  ??   |  ??   |  no   |
|       |  acc_reg_reg[0]   |    -    |  1   |   no   |  ??   |  ??   |  no   |
===============================================================================

Summary:
Flip-Flops                        Banks                   Bit-Width
                              number  percentage      number  percentage
Clock gated (total):             1           50         17           38
Clock not gated because
   Bank was excluded:            0            0          0            0
   Bank width too small:         0            0          0            0
   Enable condition not met:     1           50         27           61
   Setup condition violated:     0            0          0            0
Total:                           2          100         44          100


Information: Performing clock-gating on design PE_Shift_Add_1


Clock Gate Insertion Report
===============================================================================
| Gated |                   | Include |      | Enable | Setup | Width | Clock |
| Group |  Flip-Flop Name   | Exclude | Bits | Cond.  | Cond. | Cond. | Gated |
===============================================================================
|       |                   |         |      |        |       |       |       |
|       |  GATED REGISTERS  |         |      |        |       |       |       |
| cg0   |                   |         |  17  |  yes   |  yes  |  yes  |  yes  |
|       |   y_out_reg[16]   |    -    |  1   |        |       |       |       |
|       |   y_out_reg[15]   |    -    |  1   |        |       |       |       |
|       |   y_out_reg[14]   |    -    |  1   |        |       |       |       |
|       |   y_out_reg[13]   |    -    |  1   |        |       |       |       |
|       |   y_out_reg[12]   |    -    |  1   |        |       |       |       |
|       |   y_out_reg[11]   |    -    |  1   |        |       |       |       |
|       |   y_out_reg[10]   |    -    |  1   |        |       |       |       |
|       |   y_out_reg[9]    |    -    |  1   |        |       |       |       |
|       |   y_out_reg[8]    |    -    |  1   |        |       |       |       |
|       |   y_out_reg[7]    |    -    |  1   |        |       |       |       |
|       |   y_out_reg[6]    |    -    |  1   |        |       |       |       |
|       |   y_out_reg[5]    |    -    |  1   |        |       |       |       |
|       |   y_out_reg[4]    |    -    |  1   |        |       |       |       |
|       |   y_out_reg[3]    |    -    |  1   |        |       |       |       |
|       |   y_out_reg[2]    |    -    |  1   |        |       |       |       |
|       |   y_out_reg[1]    |    -    |  1   |        |       |       |       |
|       |   y_out_reg[0]    |    -    |  1   |        |       |       |       |
|       |                   |         |      |        |       |       |       |
|       | UNGATED REGISTERS |         |      |        |       |       |       |
|       |  acc_reg_reg[26]  |    -    |  1   |   no   |  ??   |  ??   |  no   |
|       |  acc_reg_reg[25]  |    -    |  1   |   no   |  ??   |  ??   |  no   |
|       |  acc_reg_reg[24]  |    -    |  1   |   no   |  ??   |  ??   |  no   |
|       |  acc_reg_reg[23]  |    -    |  1   |   no   |  ??   |  ??   |  no   |
|       |  acc_reg_reg[22]  |    -    |  1   |   no   |  ??   |  ??   |  no   |
|       |  acc_reg_reg[21]  |    -    |  1   |   no   |  ??   |  ??   |  no   |
|       |  acc_reg_reg[20]  |    -    |  1   |   no   |  ??   |  ??   |  no   |
|       |  acc_reg_reg[19]  |    -    |  1   |   no   |  ??   |  ??   |  no   |
|       |  acc_reg_reg[18]  |    -    |  1   |   no   |  ??   |  ??   |  no   |
|       |  acc_reg_reg[17]  |    -    |  1   |   no   |  ??   |  ??   |  no   |
|       |  acc_reg_reg[16]  |    -    |  1   |   no   |  ??   |  ??   |  no   |
|       |  acc_reg_reg[15]  |    -    |  1   |   no   |  ??   |  ??   |  no   |
|       |  acc_reg_reg[14]  |    -    |  1   |   no   |  ??   |  ??   |  no   |
|       |  acc_reg_reg[13]  |    -    |  1   |   no   |  ??   |  ??   |  no   |
|       |  acc_reg_reg[12]  |    -    |  1   |   no   |  ??   |  ??   |  no   |
|       |  acc_reg_reg[11]  |    -    |  1   |   no   |  ??   |  ??   |  no   |
|       |  acc_reg_reg[10]  |    -    |  1   |   no   |  ??   |  ??   |  no   |
|       |  acc_reg_reg[9]   |    -    |  1   |   no   |  ??   |  ??   |  no   |
|       |  acc_reg_reg[8]   |    -    |  1   |   no   |  ??   |  ??   |  no   |
|       |  acc_reg_reg[7]   |    -    |  1   |   no   |  ??   |  ??   |  no   |
|       |  acc_reg_reg[6]   |    -    |  1   |   no   |  ??   |  ??   |  no   |
|       |  acc_reg_reg[5]   |    -    |  1   |   no   |  ??   |  ??   |  no   |
|       |  acc_reg_reg[4]   |    -    |  1   |   no   |  ??   |  ??   |  no   |
|       |  acc_reg_reg[3]   |    -    |  1   |   no   |  ??   |  ??   |  no   |
|       |  acc_reg_reg[2]   |    -    |  1   |   no   |  ??   |  ??   |  no   |
|       |  acc_reg_reg[1]   |    -    |  1   |   no   |  ??   |  ??   |  no   |
|       |  acc_reg_reg[0]   |    -    |  1   |   no   |  ??   |  ??   |  no   |
===============================================================================

Summary:
Flip-Flops                        Banks                   Bit-Width
                              number  percentage      number  percentage
Clock gated (total):             1           50         17           38
Clock not gated because
   Bank was excluded:            0            0          0            0
   Bank width too small:         0            0          0            0
   Enable condition not met:     1           50         27           61
   Setup condition violated:     0            0          0            0
Total:                           2          100         44          100


Information: Performing clock-gating on design PE_Shift_Add_2


Clock Gate Insertion Report
===============================================================================
| Gated |                   | Include |      | Enable | Setup | Width | Clock |
| Group |  Flip-Flop Name   | Exclude | Bits | Cond.  | Cond. | Cond. | Gated |
===============================================================================
|       |                   |         |      |        |       |       |       |
|       |  GATED REGISTERS  |         |      |        |       |       |       |
| cg0   |                   |         |  17  |  yes   |  yes  |  yes  |  yes  |
|       |   y_out_reg[16]   |    -    |  1   |        |       |       |       |
|       |   y_out_reg[15]   |    -    |  1   |        |       |       |       |
|       |   y_out_reg[14]   |    -    |  1   |        |       |       |       |
|       |   y_out_reg[13]   |    -    |  1   |        |       |       |       |
|       |   y_out_reg[12]   |    -    |  1   |        |       |       |       |
|       |   y_out_reg[11]   |    -    |  1   |        |       |       |       |
|       |   y_out_reg[10]   |    -    |  1   |        |       |       |       |
|       |   y_out_reg[9]    |    -    |  1   |        |       |       |       |
|       |   y_out_reg[8]    |    -    |  1   |        |       |       |       |
|       |   y_out_reg[7]    |    -    |  1   |        |       |       |       |
|       |   y_out_reg[6]    |    -    |  1   |        |       |       |       |
|       |   y_out_reg[5]    |    -    |  1   |        |       |       |       |
|       |   y_out_reg[4]    |    -    |  1   |        |       |       |       |
|       |   y_out_reg[3]    |    -    |  1   |        |       |       |       |
|       |   y_out_reg[2]    |    -    |  1   |        |       |       |       |
|       |   y_out_reg[1]    |    -    |  1   |        |       |       |       |
|       |   y_out_reg[0]    |    -    |  1   |        |       |       |       |
|       |                   |         |      |        |       |       |       |
|       | UNGATED REGISTERS |         |      |        |       |       |       |
|       |  acc_reg_reg[26]  |    -    |  1   |   no   |  ??   |  ??   |  no   |
|       |  acc_reg_reg[25]  |    -    |  1   |   no   |  ??   |  ??   |  no   |
|       |  acc_reg_reg[24]  |    -    |  1   |   no   |  ??   |  ??   |  no   |
|       |  acc_reg_reg[23]  |    -    |  1   |   no   |  ??   |  ??   |  no   |
|       |  acc_reg_reg[22]  |    -    |  1   |   no   |  ??   |  ??   |  no   |
|       |  acc_reg_reg[21]  |    -    |  1   |   no   |  ??   |  ??   |  no   |
|       |  acc_reg_reg[20]  |    -    |  1   |   no   |  ??   |  ??   |  no   |
|       |  acc_reg_reg[19]  |    -    |  1   |   no   |  ??   |  ??   |  no   |
|       |  acc_reg_reg[18]  |    -    |  1   |   no   |  ??   |  ??   |  no   |
|       |  acc_reg_reg[17]  |    -    |  1   |   no   |  ??   |  ??   |  no   |
|       |  acc_reg_reg[16]  |    -    |  1   |   no   |  ??   |  ??   |  no   |
|       |  acc_reg_reg[15]  |    -    |  1   |   no   |  ??   |  ??   |  no   |
|       |  acc_reg_reg[14]  |    -    |  1   |   no   |  ??   |  ??   |  no   |
|       |  acc_reg_reg[13]  |    -    |  1   |   no   |  ??   |  ??   |  no   |
|       |  acc_reg_reg[12]  |    -    |  1   |   no   |  ??   |  ??   |  no   |
|       |  acc_reg_reg[11]  |    -    |  1   |   no   |  ??   |  ??   |  no   |
|       |  acc_reg_reg[10]  |    -    |  1   |   no   |  ??   |  ??   |  no   |
|       |  acc_reg_reg[9]   |    -    |  1   |   no   |  ??   |  ??   |  no   |
|       |  acc_reg_reg[8]   |    -    |  1   |   no   |  ??   |  ??   |  no   |
|       |  acc_reg_reg[7]   |    -    |  1   |   no   |  ??   |  ??   |  no   |
|       |  acc_reg_reg[6]   |    -    |  1   |   no   |  ??   |  ??   |  no   |
|       |  acc_reg_reg[5]   |    -    |  1   |   no   |  ??   |  ??   |  no   |
|       |  acc_reg_reg[4]   |    -    |  1   |   no   |  ??   |  ??   |  no   |
|       |  acc_reg_reg[3]   |    -    |  1   |   no   |  ??   |  ??   |  no   |
|       |  acc_reg_reg[2]   |    -    |  1   |   no   |  ??   |  ??   |  no   |
|       |  acc_reg_reg[1]   |    -    |  1   |   no   |  ??   |  ??   |  no   |
|       |  acc_reg_reg[0]   |    -    |  1   |   no   |  ??   |  ??   |  no   |
===============================================================================

Summary:
Flip-Flops                        Banks                   Bit-Width
                              number  percentage      number  percentage
Clock gated (total):             1           50         17           38
Clock not gated because
   Bank was excluded:            0            0          0            0
   Bank width too small:         0            0          0            0
   Enable condition not met:     1           50         27           61
   Setup condition violated:     0            0          0            0
Total:                           2          100         44          100


Information: Performing clock-gating on design PE_Shift_Add_3


Clock Gate Insertion Report
===============================================================================
| Gated |                   | Include |      | Enable | Setup | Width | Clock |
| Group |  Flip-Flop Name   | Exclude | Bits | Cond.  | Cond. | Cond. | Gated |
===============================================================================
|       |                   |         |      |        |       |       |       |
|       |  GATED REGISTERS  |         |      |        |       |       |       |
| cg0   |                   |         |  17  |  yes   |  yes  |  yes  |  yes  |
|       |   y_out_reg[16]   |    -    |  1   |        |       |       |       |
|       |   y_out_reg[15]   |    -    |  1   |        |       |       |       |
|       |   y_out_reg[14]   |    -    |  1   |        |       |       |       |
|       |   y_out_reg[13]   |    -    |  1   |        |       |       |       |
|       |   y_out_reg[12]   |    -    |  1   |        |       |       |       |
|       |   y_out_reg[11]   |    -    |  1   |        |       |       |       |
|       |   y_out_reg[10]   |    -    |  1   |        |       |       |       |
|       |   y_out_reg[9]    |    -    |  1   |        |       |       |       |
|       |   y_out_reg[8]    |    -    |  1   |        |       |       |       |
|       |   y_out_reg[7]    |    -    |  1   |        |       |       |       |
|       |   y_out_reg[6]    |    -    |  1   |        |       |       |       |
|       |   y_out_reg[5]    |    -    |  1   |        |       |       |       |
|       |   y_out_reg[4]    |    -    |  1   |        |       |       |       |
|       |   y_out_reg[3]    |    -    |  1   |        |       |       |       |
|       |   y_out_reg[2]    |    -    |  1   |        |       |       |       |
|       |   y_out_reg[1]    |    -    |  1   |        |       |       |       |
|       |   y_out_reg[0]    |    -    |  1   |        |       |       |       |
|       |                   |         |      |        |       |       |       |
|       | UNGATED REGISTERS |         |      |        |       |       |       |
|       |  acc_reg_reg[26]  |    -    |  1   |   no   |  ??   |  ??   |  no   |
|       |  acc_reg_reg[25]  |    -    |  1   |   no   |  ??   |  ??   |  no   |
|       |  acc_reg_reg[24]  |    -    |  1   |   no   |  ??   |  ??   |  no   |
|       |  acc_reg_reg[23]  |    -    |  1   |   no   |  ??   |  ??   |  no   |
|       |  acc_reg_reg[22]  |    -    |  1   |   no   |  ??   |  ??   |  no   |
|       |  acc_reg_reg[21]  |    -    |  1   |   no   |  ??   |  ??   |  no   |
|       |  acc_reg_reg[20]  |    -    |  1   |   no   |  ??   |  ??   |  no   |
|       |  acc_reg_reg[19]  |    -    |  1   |   no   |  ??   |  ??   |  no   |
|       |  acc_reg_reg[18]  |    -    |  1   |   no   |  ??   |  ??   |  no   |
|       |  acc_reg_reg[17]  |    -    |  1   |   no   |  ??   |  ??   |  no   |
|       |  acc_reg_reg[16]  |    -    |  1   |   no   |  ??   |  ??   |  no   |
|       |  acc_reg_reg[15]  |    -    |  1   |   no   |  ??   |  ??   |  no   |
|       |  acc_reg_reg[14]  |    -    |  1   |   no   |  ??   |  ??   |  no   |
|       |  acc_reg_reg[13]  |    -    |  1   |   no   |  ??   |  ??   |  no   |
|       |  acc_reg_reg[12]  |    -    |  1   |   no   |  ??   |  ??   |  no   |
|       |  acc_reg_reg[11]  |    -    |  1   |   no   |  ??   |  ??   |  no   |
|       |  acc_reg_reg[10]  |    -    |  1   |   no   |  ??   |  ??   |  no   |
|       |  acc_reg_reg[9]   |    -    |  1   |   no   |  ??   |  ??   |  no   |
|       |  acc_reg_reg[8]   |    -    |  1   |   no   |  ??   |  ??   |  no   |
|       |  acc_reg_reg[7]   |    -    |  1   |   no   |  ??   |  ??   |  no   |
|       |  acc_reg_reg[6]   |    -    |  1   |   no   |  ??   |  ??   |  no   |
|       |  acc_reg_reg[5]   |    -    |  1   |   no   |  ??   |  ??   |  no   |
|       |  acc_reg_reg[4]   |    -    |  1   |   no   |  ??   |  ??   |  no   |
|       |  acc_reg_reg[3]   |    -    |  1   |   no   |  ??   |  ??   |  no   |
|       |  acc_reg_reg[2]   |    -    |  1   |   no   |  ??   |  ??   |  no   |
|       |  acc_reg_reg[1]   |    -    |  1   |   no   |  ??   |  ??   |  no   |
|       |  acc_reg_reg[0]   |    -    |  1   |   no   |  ??   |  ??   |  no   |
===============================================================================

Summary:
Flip-Flops                        Banks                   Bit-Width
                              number  percentage      number  percentage
Clock gated (total):             1           50         17           38
Clock not gated because
   Bank was excluded:            0            0          0            0
   Bank width too small:         0            0          0            0
   Enable condition not met:     1           50         27           61
   Setup condition violated:     0            0          0            0
Total:                           2          100         44          100


Information: Performing clock-gating on design PE_Shift_Add_4


Clock Gate Insertion Report
===============================================================================
| Gated |                   | Include |      | Enable | Setup | Width | Clock |
| Group |  Flip-Flop Name   | Exclude | Bits | Cond.  | Cond. | Cond. | Gated |
===============================================================================
|       |                   |         |      |        |       |       |       |
|       |  GATED REGISTERS  |         |      |        |       |       |       |
| cg0   |                   |         |  17  |  yes   |  yes  |  yes  |  yes  |
|       |   y_out_reg[16]   |    -    |  1   |        |       |       |       |
|       |   y_out_reg[15]   |    -    |  1   |        |       |       |       |
|       |   y_out_reg[14]   |    -    |  1   |        |       |       |       |
|       |   y_out_reg[13]   |    -    |  1   |        |       |       |       |
|       |   y_out_reg[12]   |    -    |  1   |        |       |       |       |
|       |   y_out_reg[11]   |    -    |  1   |        |       |       |       |
|       |   y_out_reg[10]   |    -    |  1   |        |       |       |       |
|       |   y_out_reg[9]    |    -    |  1   |        |       |       |       |
|       |   y_out_reg[8]    |    -    |  1   |        |       |       |       |
|       |   y_out_reg[7]    |    -    |  1   |        |       |       |       |
|       |   y_out_reg[6]    |    -    |  1   |        |       |       |       |
|       |   y_out_reg[5]    |    -    |  1   |        |       |       |       |
|       |   y_out_reg[4]    |    -    |  1   |        |       |       |       |
|       |   y_out_reg[3]    |    -    |  1   |        |       |       |       |
|       |   y_out_reg[2]    |    -    |  1   |        |       |       |       |
|       |   y_out_reg[1]    |    -    |  1   |        |       |       |       |
|       |   y_out_reg[0]    |    -    |  1   |        |       |       |       |
|       |                   |         |      |        |       |       |       |
|       | UNGATED REGISTERS |         |      |        |       |       |       |
|       |  acc_reg_reg[26]  |    -    |  1   |   no   |  ??   |  ??   |  no   |
|       |  acc_reg_reg[25]  |    -    |  1   |   no   |  ??   |  ??   |  no   |
|       |  acc_reg_reg[24]  |    -    |  1   |   no   |  ??   |  ??   |  no   |
|       |  acc_reg_reg[23]  |    -    |  1   |   no   |  ??   |  ??   |  no   |
|       |  acc_reg_reg[22]  |    -    |  1   |   no   |  ??   |  ??   |  no   |
|       |  acc_reg_reg[21]  |    -    |  1   |   no   |  ??   |  ??   |  no   |
|       |  acc_reg_reg[20]  |    -    |  1   |   no   |  ??   |  ??   |  no   |
|       |  acc_reg_reg[19]  |    -    |  1   |   no   |  ??   |  ??   |  no   |
|       |  acc_reg_reg[18]  |    -    |  1   |   no   |  ??   |  ??   |  no   |
|       |  acc_reg_reg[17]  |    -    |  1   |   no   |  ??   |  ??   |  no   |
|       |  acc_reg_reg[16]  |    -    |  1   |   no   |  ??   |  ??   |  no   |
|       |  acc_reg_reg[15]  |    -    |  1   |   no   |  ??   |  ??   |  no   |
|       |  acc_reg_reg[14]  |    -    |  1   |   no   |  ??   |  ??   |  no   |
|       |  acc_reg_reg[13]  |    -    |  1   |   no   |  ??   |  ??   |  no   |
|       |  acc_reg_reg[12]  |    -    |  1   |   no   |  ??   |  ??   |  no   |
|       |  acc_reg_reg[11]  |    -    |  1   |   no   |  ??   |  ??   |  no   |
|       |  acc_reg_reg[10]  |    -    |  1   |   no   |  ??   |  ??   |  no   |
|       |  acc_reg_reg[9]   |    -    |  1   |   no   |  ??   |  ??   |  no   |
|       |  acc_reg_reg[8]   |    -    |  1   |   no   |  ??   |  ??   |  no   |
|       |  acc_reg_reg[7]   |    -    |  1   |   no   |  ??   |  ??   |  no   |
|       |  acc_reg_reg[6]   |    -    |  1   |   no   |  ??   |  ??   |  no   |
|       |  acc_reg_reg[5]   |    -    |  1   |   no   |  ??   |  ??   |  no   |
|       |  acc_reg_reg[4]   |    -    |  1   |   no   |  ??   |  ??   |  no   |
|       |  acc_reg_reg[3]   |    -    |  1   |   no   |  ??   |  ??   |  no   |
|       |  acc_reg_reg[2]   |    -    |  1   |   no   |  ??   |  ??   |  no   |
|       |  acc_reg_reg[1]   |    -    |  1   |   no   |  ??   |  ??   |  no   |
|       |  acc_reg_reg[0]   |    -    |  1   |   no   |  ??   |  ??   |  no   |
===============================================================================

Summary:
Flip-Flops                        Banks                   Bit-Width
                              number  percentage      number  percentage
Clock gated (total):             1           50         17           38
Clock not gated because
   Bank was excluded:            0            0          0            0
   Bank width too small:         0            0          0            0
   Enable condition not met:     1           50         27           61
   Setup condition violated:     0            0          0            0
Total:                           2          100         44          100


Information: Performing clock-gating on design PE_Shift_Add_5


Clock Gate Insertion Report
===============================================================================
| Gated |                   | Include |      | Enable | Setup | Width | Clock |
| Group |  Flip-Flop Name   | Exclude | Bits | Cond.  | Cond. | Cond. | Gated |
===============================================================================
|       |                   |         |      |        |       |       |       |
|       |  GATED REGISTERS  |         |      |        |       |       |       |
| cg0   |                   |         |  17  |  yes   |  yes  |  yes  |  yes  |
|       |   y_out_reg[16]   |    -    |  1   |        |       |       |       |
|       |   y_out_reg[15]   |    -    |  1   |        |       |       |       |
|       |   y_out_reg[14]   |    -    |  1   |        |       |       |       |
|       |   y_out_reg[13]   |    -    |  1   |        |       |       |       |
|       |   y_out_reg[12]   |    -    |  1   |        |       |       |       |
|       |   y_out_reg[11]   |    -    |  1   |        |       |       |       |
|       |   y_out_reg[10]   |    -    |  1   |        |       |       |       |
|       |   y_out_reg[9]    |    -    |  1   |        |       |       |       |
|       |   y_out_reg[8]    |    -    |  1   |        |       |       |       |
|       |   y_out_reg[7]    |    -    |  1   |        |       |       |       |
|       |   y_out_reg[6]    |    -    |  1   |        |       |       |       |
|       |   y_out_reg[5]    |    -    |  1   |        |       |       |       |
|       |   y_out_reg[4]    |    -    |  1   |        |       |       |       |
|       |   y_out_reg[3]    |    -    |  1   |        |       |       |       |
|       |   y_out_reg[2]    |    -    |  1   |        |       |       |       |
|       |   y_out_reg[1]    |    -    |  1   |        |       |       |       |
|       |   y_out_reg[0]    |    -    |  1   |        |       |       |       |
|       |                   |         |      |        |       |       |       |
|       | UNGATED REGISTERS |         |      |        |       |       |       |
|       |  acc_reg_reg[26]  |    -    |  1   |   no   |  ??   |  ??   |  no   |
|       |  acc_reg_reg[25]  |    -    |  1   |   no   |  ??   |  ??   |  no   |
|       |  acc_reg_reg[24]  |    -    |  1   |   no   |  ??   |  ??   |  no   |
|       |  acc_reg_reg[23]  |    -    |  1   |   no   |  ??   |  ??   |  no   |
|       |  acc_reg_reg[22]  |    -    |  1   |   no   |  ??   |  ??   |  no   |
|       |  acc_reg_reg[21]  |    -    |  1   |   no   |  ??   |  ??   |  no   |
|       |  acc_reg_reg[20]  |    -    |  1   |   no   |  ??   |  ??   |  no   |
|       |  acc_reg_reg[19]  |    -    |  1   |   no   |  ??   |  ??   |  no   |
|       |  acc_reg_reg[18]  |    -    |  1   |   no   |  ??   |  ??   |  no   |
|       |  acc_reg_reg[17]  |    -    |  1   |   no   |  ??   |  ??   |  no   |
|       |  acc_reg_reg[16]  |    -    |  1   |   no   |  ??   |  ??   |  no   |
|       |  acc_reg_reg[15]  |    -    |  1   |   no   |  ??   |  ??   |  no   |
|       |  acc_reg_reg[14]  |    -    |  1   |   no   |  ??   |  ??   |  no   |
|       |  acc_reg_reg[13]  |    -    |  1   |   no   |  ??   |  ??   |  no   |
|       |  acc_reg_reg[12]  |    -    |  1   |   no   |  ??   |  ??   |  no   |
|       |  acc_reg_reg[11]  |    -    |  1   |   no   |  ??   |  ??   |  no   |
|       |  acc_reg_reg[10]  |    -    |  1   |   no   |  ??   |  ??   |  no   |
|       |  acc_reg_reg[9]   |    -    |  1   |   no   |  ??   |  ??   |  no   |
|       |  acc_reg_reg[8]   |    -    |  1   |   no   |  ??   |  ??   |  no   |
|       |  acc_reg_reg[7]   |    -    |  1   |   no   |  ??   |  ??   |  no   |
|       |  acc_reg_reg[6]   |    -    |  1   |   no   |  ??   |  ??   |  no   |
|       |  acc_reg_reg[5]   |    -    |  1   |   no   |  ??   |  ??   |  no   |
|       |  acc_reg_reg[4]   |    -    |  1   |   no   |  ??   |  ??   |  no   |
|       |  acc_reg_reg[3]   |    -    |  1   |   no   |  ??   |  ??   |  no   |
|       |  acc_reg_reg[2]   |    -    |  1   |   no   |  ??   |  ??   |  no   |
|       |  acc_reg_reg[1]   |    -    |  1   |   no   |  ??   |  ??   |  no   |
|       |  acc_reg_reg[0]   |    -    |  1   |   no   |  ??   |  ??   |  no   |
===============================================================================

Summary:
Flip-Flops                        Banks                   Bit-Width
                              number  percentage      number  percentage
Clock gated (total):             1           50         17           38
Clock not gated because
   Bank was excluded:            0            0          0            0
   Bank width too small:         0            0          0            0
   Enable condition not met:     1           50         27           61
   Setup condition violated:     0            0          0            0
Total:                           2          100         44          100


Information: Performing clock-gating on design PE_Shift_Add_6


Clock Gate Insertion Report
===============================================================================
| Gated |                   | Include |      | Enable | Setup | Width | Clock |
| Group |  Flip-Flop Name   | Exclude | Bits | Cond.  | Cond. | Cond. | Gated |
===============================================================================
|       |                   |         |      |        |       |       |       |
|       |  GATED REGISTERS  |         |      |        |       |       |       |
| cg0   |                   |         |  17  |  yes   |  yes  |  yes  |  yes  |
|       |   y_out_reg[16]   |    -    |  1   |        |       |       |       |
|       |   y_out_reg[15]   |    -    |  1   |        |       |       |       |
|       |   y_out_reg[14]   |    -    |  1   |        |       |       |       |
|       |   y_out_reg[13]   |    -    |  1   |        |       |       |       |
|       |   y_out_reg[12]   |    -    |  1   |        |       |       |       |
|       |   y_out_reg[11]   |    -    |  1   |        |       |       |       |
|       |   y_out_reg[10]   |    -    |  1   |        |       |       |       |
|       |   y_out_reg[9]    |    -    |  1   |        |       |       |       |
|       |   y_out_reg[8]    |    -    |  1   |        |       |       |       |
|       |   y_out_reg[7]    |    -    |  1   |        |       |       |       |
|       |   y_out_reg[6]    |    -    |  1   |        |       |       |       |
|       |   y_out_reg[5]    |    -    |  1   |        |       |       |       |
|       |   y_out_reg[4]    |    -    |  1   |        |       |       |       |
|       |   y_out_reg[3]    |    -    |  1   |        |       |       |       |
|       |   y_out_reg[2]    |    -    |  1   |        |       |       |       |
|       |   y_out_reg[1]    |    -    |  1   |        |       |       |       |
|       |   y_out_reg[0]    |    -    |  1   |        |       |       |       |
|       |                   |         |      |        |       |       |       |
|       | UNGATED REGISTERS |         |      |        |       |       |       |
|       |  acc_reg_reg[26]  |    -    |  1   |   no   |  ??   |  ??   |  no   |
|       |  acc_reg_reg[25]  |    -    |  1   |   no   |  ??   |  ??   |  no   |
|       |  acc_reg_reg[24]  |    -    |  1   |   no   |  ??   |  ??   |  no   |
|       |  acc_reg_reg[23]  |    -    |  1   |   no   |  ??   |  ??   |  no   |
|       |  acc_reg_reg[22]  |    -    |  1   |   no   |  ??   |  ??   |  no   |
|       |  acc_reg_reg[21]  |    -    |  1   |   no   |  ??   |  ??   |  no   |
|       |  acc_reg_reg[20]  |    -    |  1   |   no   |  ??   |  ??   |  no   |
|       |  acc_reg_reg[19]  |    -    |  1   |   no   |  ??   |  ??   |  no   |
|       |  acc_reg_reg[18]  |    -    |  1   |   no   |  ??   |  ??   |  no   |
|       |  acc_reg_reg[17]  |    -    |  1   |   no   |  ??   |  ??   |  no   |
|       |  acc_reg_reg[16]  |    -    |  1   |   no   |  ??   |  ??   |  no   |
|       |  acc_reg_reg[15]  |    -    |  1   |   no   |  ??   |  ??   |  no   |
|       |  acc_reg_reg[14]  |    -    |  1   |   no   |  ??   |  ??   |  no   |
|       |  acc_reg_reg[13]  |    -    |  1   |   no   |  ??   |  ??   |  no   |
|       |  acc_reg_reg[12]  |    -    |  1   |   no   |  ??   |  ??   |  no   |
|       |  acc_reg_reg[11]  |    -    |  1   |   no   |  ??   |  ??   |  no   |
|       |  acc_reg_reg[10]  |    -    |  1   |   no   |  ??   |  ??   |  no   |
|       |  acc_reg_reg[9]   |    -    |  1   |   no   |  ??   |  ??   |  no   |
|       |  acc_reg_reg[8]   |    -    |  1   |   no   |  ??   |  ??   |  no   |
|       |  acc_reg_reg[7]   |    -    |  1   |   no   |  ??   |  ??   |  no   |
|       |  acc_reg_reg[6]   |    -    |  1   |   no   |  ??   |  ??   |  no   |
|       |  acc_reg_reg[5]   |    -    |  1   |   no   |  ??   |  ??   |  no   |
|       |  acc_reg_reg[4]   |    -    |  1   |   no   |  ??   |  ??   |  no   |
|       |  acc_reg_reg[3]   |    -    |  1   |   no   |  ??   |  ??   |  no   |
|       |  acc_reg_reg[2]   |    -    |  1   |   no   |  ??   |  ??   |  no   |
|       |  acc_reg_reg[1]   |    -    |  1   |   no   |  ??   |  ??   |  no   |
|       |  acc_reg_reg[0]   |    -    |  1   |   no   |  ??   |  ??   |  no   |
===============================================================================

Summary:
Flip-Flops                        Banks                   Bit-Width
                              number  percentage      number  percentage
Clock gated (total):             1           50         17           38
Clock not gated because
   Bank was excluded:            0            0          0            0
   Bank width too small:         0            0          0            0
   Enable condition not met:     1           50         27           61
   Setup condition violated:     0            0          0            0
Total:                           2          100         44          100


Information: Performing clock-gating on design PE_Shift_Add_7


Clock Gate Insertion Report
===============================================================================
| Gated |                   | Include |      | Enable | Setup | Width | Clock |
| Group |  Flip-Flop Name   | Exclude | Bits | Cond.  | Cond. | Cond. | Gated |
===============================================================================
|       |                   |         |      |        |       |       |       |
|       |  GATED REGISTERS  |         |      |        |       |       |       |
| cg0   |                   |         |  17  |  yes   |  yes  |  yes  |  yes  |
|       |   y_out_reg[16]   |    -    |  1   |        |       |       |       |
|       |   y_out_reg[15]   |    -    |  1   |        |       |       |       |
|       |   y_out_reg[14]   |    -    |  1   |        |       |       |       |
|       |   y_out_reg[13]   |    -    |  1   |        |       |       |       |
|       |   y_out_reg[12]   |    -    |  1   |        |       |       |       |
|       |   y_out_reg[11]   |    -    |  1   |        |       |       |       |
|       |   y_out_reg[10]   |    -    |  1   |        |       |       |       |
|       |   y_out_reg[9]    |    -    |  1   |        |       |       |       |
|       |   y_out_reg[8]    |    -    |  1   |        |       |       |       |
|       |   y_out_reg[7]    |    -    |  1   |        |       |       |       |
|       |   y_out_reg[6]    |    -    |  1   |        |       |       |       |
|       |   y_out_reg[5]    |    -    |  1   |        |       |       |       |
|       |   y_out_reg[4]    |    -    |  1   |        |       |       |       |
|       |   y_out_reg[3]    |    -    |  1   |        |       |       |       |
|       |   y_out_reg[2]    |    -    |  1   |        |       |       |       |
|       |   y_out_reg[1]    |    -    |  1   |        |       |       |       |
|       |   y_out_reg[0]    |    -    |  1   |        |       |       |       |
|       |                   |         |      |        |       |       |       |
|       | UNGATED REGISTERS |         |      |        |       |       |       |
|       |  acc_reg_reg[26]  |    -    |  1   |   no   |  ??   |  ??   |  no   |
|       |  acc_reg_reg[25]  |    -    |  1   |   no   |  ??   |  ??   |  no   |
|       |  acc_reg_reg[24]  |    -    |  1   |   no   |  ??   |  ??   |  no   |
|       |  acc_reg_reg[23]  |    -    |  1   |   no   |  ??   |  ??   |  no   |
|       |  acc_reg_reg[22]  |    -    |  1   |   no   |  ??   |  ??   |  no   |
|       |  acc_reg_reg[21]  |    -    |  1   |   no   |  ??   |  ??   |  no   |
|       |  acc_reg_reg[20]  |    -    |  1   |   no   |  ??   |  ??   |  no   |
|       |  acc_reg_reg[19]  |    -    |  1   |   no   |  ??   |  ??   |  no   |
|       |  acc_reg_reg[18]  |    -    |  1   |   no   |  ??   |  ??   |  no   |
|       |  acc_reg_reg[17]  |    -    |  1   |   no   |  ??   |  ??   |  no   |
|       |  acc_reg_reg[16]  |    -    |  1   |   no   |  ??   |  ??   |  no   |
|       |  acc_reg_reg[15]  |    -    |  1   |   no   |  ??   |  ??   |  no   |
|       |  acc_reg_reg[14]  |    -    |  1   |   no   |  ??   |  ??   |  no   |
|       |  acc_reg_reg[13]  |    -    |  1   |   no   |  ??   |  ??   |  no   |
|       |  acc_reg_reg[12]  |    -    |  1   |   no   |  ??   |  ??   |  no   |
|       |  acc_reg_reg[11]  |    -    |  1   |   no   |  ??   |  ??   |  no   |
|       |  acc_reg_reg[10]  |    -    |  1   |   no   |  ??   |  ??   |  no   |
|       |  acc_reg_reg[9]   |    -    |  1   |   no   |  ??   |  ??   |  no   |
|       |  acc_reg_reg[8]   |    -    |  1   |   no   |  ??   |  ??   |  no   |
|       |  acc_reg_reg[7]   |    -    |  1   |   no   |  ??   |  ??   |  no   |
|       |  acc_reg_reg[6]   |    -    |  1   |   no   |  ??   |  ??   |  no   |
|       |  acc_reg_reg[5]   |    -    |  1   |   no   |  ??   |  ??   |  no   |
|       |  acc_reg_reg[4]   |    -    |  1   |   no   |  ??   |  ??   |  no   |
|       |  acc_reg_reg[3]   |    -    |  1   |   no   |  ??   |  ??   |  no   |
|       |  acc_reg_reg[2]   |    -    |  1   |   no   |  ??   |  ??   |  no   |
|       |  acc_reg_reg[1]   |    -    |  1   |   no   |  ??   |  ??   |  no   |
|       |  acc_reg_reg[0]   |    -    |  1   |   no   |  ??   |  ??   |  no   |
===============================================================================

Summary:
Flip-Flops                        Banks                   Bit-Width
                              number  percentage      number  percentage
Clock gated (total):             1           50         17           38
Clock not gated because
   Bank was excluded:            0            0          0            0
   Bank width too small:         0            0          0            0
   Enable condition not met:     1           50         27           61
   Setup condition violated:     0            0          0            0
Total:                           2          100         44          100


Information: Performing clock-gating on design ROM_Wrapper_Odd_0


Clock Gate Insertion Report
===============================================================================
| Gated |                   | Include |      | Enable | Setup | Width | Clock |
| Group |  Flip-Flop Name   | Exclude | Bits | Cond.  | Cond. | Cond. | Gated |
===============================================================================
|       |                   |         |      |        |       |       |       |
|       |  GATED REGISTERS  |         |      |        |       |       |       |
| cg0   |                   |         |  18  |  yes   |  yes  |  yes  |  yes  |
|       | reg_shift1_reg[3] |    -    |  1   |        |       |       |       |
|       | reg_shift1_reg[2] |    -    |  1   |        |       |       |       |
|       | reg_shift1_reg[1] |    -    |  1   |        |       |       |       |
|       | reg_shift1_reg[0] |    -    |  1   |        |       |       |       |
|       | reg_shift2_reg[3] |    -    |  1   |        |       |       |       |
|       | reg_shift2_reg[2] |    -    |  1   |        |       |       |       |
|       | reg_shift2_reg[1] |    -    |  1   |        |       |       |       |
|       | reg_shift2_reg[0] |    -    |  1   |        |       |       |       |
|       | reg_shift3_reg[3] |    -    |  1   |        |       |       |       |
|       | reg_shift3_reg[2] |    -    |  1   |        |       |       |       |
|       | reg_shift3_reg[1] |    -    |  1   |        |       |       |       |
|       | reg_shift3_reg[0] |    -    |  1   |        |       |       |       |
|       | reg_sign1_reg[1]  |    -    |  1   |        |       |       |       |
|       | reg_sign1_reg[0]  |    -    |  1   |        |       |       |       |
|       | reg_sign2_reg[1]  |    -    |  1   |        |       |       |       |
|       | reg_sign2_reg[0]  |    -    |  1   |        |       |       |       |
|       | reg_sign3_reg[1]  |    -    |  1   |        |       |       |       |
|       | reg_sign3_reg[0]  |    -    |  1   |        |       |       |       |
|       |                   |         |      |        |       |       |       |
|       | UNGATED REGISTERS |         |      |        |       |       |       |
===============================================================================

Summary:
Flip-Flops                        Banks                   Bit-Width
                              number  percentage      number  percentage
Clock gated (total):             6          100         18          100
Clock not gated because
   Bank was excluded:            0            0          0            0
   Bank width too small:         0            0          0            0
   Enable condition not met:     0            0          0            0
   Setup condition violated:     0            0          0            0
Total:                           6          100         18          100


Information: Performing clock-gating on design CSD_ROM_Table_odd_0
Information: Performing clock-gating on design ROM_Wrapper_Even_0


Clock Gate Insertion Report
===============================================================================
| Gated |                   | Include |      | Enable | Setup | Width | Clock |
| Group |  Flip-Flop Name   | Exclude | Bits | Cond.  | Cond. | Cond. | Gated |
===============================================================================
|       |                   |         |      |        |       |       |       |
|       |  GATED REGISTERS  |         |      |        |       |       |       |
| cg0   |                   |         |  18  |  yes   |  yes  |  yes  |  yes  |
|       | reg_shift1_reg[3] |    -    |  1   |        |       |       |       |
|       | reg_shift1_reg[2] |    -    |  1   |        |       |       |       |
|       | reg_shift1_reg[1] |    -    |  1   |        |       |       |       |
|       | reg_shift1_reg[0] |    -    |  1   |        |       |       |       |
|       | reg_shift2_reg[3] |    -    |  1   |        |       |       |       |
|       | reg_shift2_reg[2] |    -    |  1   |        |       |       |       |
|       | reg_shift2_reg[1] |    -    |  1   |        |       |       |       |
|       | reg_shift2_reg[0] |    -    |  1   |        |       |       |       |
|       | reg_shift3_reg[3] |    -    |  1   |        |       |       |       |
|       | reg_shift3_reg[2] |    -    |  1   |        |       |       |       |
|       | reg_shift3_reg[1] |    -    |  1   |        |       |       |       |
|       | reg_shift3_reg[0] |    -    |  1   |        |       |       |       |
|       | reg_sign1_reg[1]  |    -    |  1   |        |       |       |       |
|       | reg_sign1_reg[0]  |    -    |  1   |        |       |       |       |
|       | reg_sign2_reg[1]  |    -    |  1   |        |       |       |       |
|       | reg_sign2_reg[0]  |    -    |  1   |        |       |       |       |
|       | reg_sign3_reg[1]  |    -    |  1   |        |       |       |       |
|       | reg_sign3_reg[0]  |    -    |  1   |        |       |       |       |
|       |                   |         |      |        |       |       |       |
|       | UNGATED REGISTERS |         |      |        |       |       |       |
===============================================================================

Summary:
Flip-Flops                        Banks                   Bit-Width
                              number  percentage      number  percentage
Clock gated (total):             6          100         18          100
Clock not gated because
   Bank was excluded:            0            0          0            0
   Bank width too small:         0            0          0            0
   Enable condition not met:     0            0          0            0
   Setup condition violated:     0            0          0            0
Total:                           6          100         18          100


Information: Performing clock-gating on design CSD_ROM_Table_even_0
Information: Performing clock-gating on design ROM_Wrapper_Odd_1


Clock Gate Insertion Report
===============================================================================
| Gated |                   | Include |      | Enable | Setup | Width | Clock |
| Group |  Flip-Flop Name   | Exclude | Bits | Cond.  | Cond. | Cond. | Gated |
===============================================================================
|       |                   |         |      |        |       |       |       |
|       |  GATED REGISTERS  |         |      |        |       |       |       |
| cg0   |                   |         |  18  |  yes   |  yes  |  yes  |  yes  |
|       | reg_shift1_reg[3] |    -    |  1   |        |       |       |       |
|       | reg_shift1_reg[2] |    -    |  1   |        |       |       |       |
|       | reg_shift1_reg[1] |    -    |  1   |        |       |       |       |
|       | reg_shift1_reg[0] |    -    |  1   |        |       |       |       |
|       | reg_shift2_reg[3] |    -    |  1   |        |       |       |       |
|       | reg_shift2_reg[2] |    -    |  1   |        |       |       |       |
|       | reg_shift2_reg[1] |    -    |  1   |        |       |       |       |
|       | reg_shift2_reg[0] |    -    |  1   |        |       |       |       |
|       | reg_shift3_reg[3] |    -    |  1   |        |       |       |       |
|       | reg_shift3_reg[2] |    -    |  1   |        |       |       |       |
|       | reg_shift3_reg[1] |    -    |  1   |        |       |       |       |
|       | reg_shift3_reg[0] |    -    |  1   |        |       |       |       |
|       | reg_sign1_reg[1]  |    -    |  1   |        |       |       |       |
|       | reg_sign1_reg[0]  |    -    |  1   |        |       |       |       |
|       | reg_sign2_reg[1]  |    -    |  1   |        |       |       |       |
|       | reg_sign2_reg[0]  |    -    |  1   |        |       |       |       |
|       | reg_sign3_reg[1]  |    -    |  1   |        |       |       |       |
|       | reg_sign3_reg[0]  |    -    |  1   |        |       |       |       |
|       |                   |         |      |        |       |       |       |
|       | UNGATED REGISTERS |         |      |        |       |       |       |
===============================================================================

Summary:
Flip-Flops                        Banks                   Bit-Width
                              number  percentage      number  percentage
Clock gated (total):             6          100         18          100
Clock not gated because
   Bank was excluded:            0            0          0            0
   Bank width too small:         0            0          0            0
   Enable condition not met:     0            0          0            0
   Setup condition violated:     0            0          0            0
Total:                           6          100         18          100


Information: Performing clock-gating on design CSD_ROM_Table_odd_1
Information: Performing clock-gating on design ROM_Wrapper_Even_1


Clock Gate Insertion Report
===============================================================================
| Gated |                   | Include |      | Enable | Setup | Width | Clock |
| Group |  Flip-Flop Name   | Exclude | Bits | Cond.  | Cond. | Cond. | Gated |
===============================================================================
|       |                   |         |      |        |       |       |       |
|       |  GATED REGISTERS  |         |      |        |       |       |       |
| cg0   |                   |         |  18  |  yes   |  yes  |  yes  |  yes  |
|       | reg_shift1_reg[3] |    -    |  1   |        |       |       |       |
|       | reg_shift1_reg[2] |    -    |  1   |        |       |       |       |
|       | reg_shift1_reg[1] |    -    |  1   |        |       |       |       |
|       | reg_shift1_reg[0] |    -    |  1   |        |       |       |       |
|       | reg_shift2_reg[3] |    -    |  1   |        |       |       |       |
|       | reg_shift2_reg[2] |    -    |  1   |        |       |       |       |
|       | reg_shift2_reg[1] |    -    |  1   |        |       |       |       |
|       | reg_shift2_reg[0] |    -    |  1   |        |       |       |       |
|       | reg_shift3_reg[3] |    -    |  1   |        |       |       |       |
|       | reg_shift3_reg[2] |    -    |  1   |        |       |       |       |
|       | reg_shift3_reg[1] |    -    |  1   |        |       |       |       |
|       | reg_shift3_reg[0] |    -    |  1   |        |       |       |       |
|       | reg_sign1_reg[1]  |    -    |  1   |        |       |       |       |
|       | reg_sign1_reg[0]  |    -    |  1   |        |       |       |       |
|       | reg_sign2_reg[1]  |    -    |  1   |        |       |       |       |
|       | reg_sign2_reg[0]  |    -    |  1   |        |       |       |       |
|       | reg_sign3_reg[1]  |    -    |  1   |        |       |       |       |
|       | reg_sign3_reg[0]  |    -    |  1   |        |       |       |       |
|       |                   |         |      |        |       |       |       |
|       | UNGATED REGISTERS |         |      |        |       |       |       |
===============================================================================

Summary:
Flip-Flops                        Banks                   Bit-Width
                              number  percentage      number  percentage
Clock gated (total):             6          100         18          100
Clock not gated because
   Bank was excluded:            0            0          0            0
   Bank width too small:         0            0          0            0
   Enable condition not met:     0            0          0            0
   Setup condition violated:     0            0          0            0
Total:                           6          100         18          100


Information: Performing clock-gating on design CSD_ROM_Table_even_1
Information: Performing clock-gating on design cordic_rotation_0


Clock Gate Insertion Report
===============================================================================
| Gated |                   | Include |      | Enable | Setup | Width | Clock |
| Group |  Flip-Flop Name   | Exclude | Bits | Cond.  | Cond. | Cond. | Gated |
===============================================================================
|       |                   |         |      |        |       |       |       |
|       |  GATED REGISTERS  |         |      |        |       |       |       |
| cg0   |                   |         |  27  |  yes   |  yes  |  yes  |  yes  |
|       |   y_reg_reg[17]   |    -    |  1   |        |       |       |       |
|       |   y_reg_reg[16]   |    -    |  1   |        |       |       |       |
|       |   y_reg_reg[15]   |    -    |  1   |        |       |       |       |
|       |   y_reg_reg[14]   |    -    |  1   |        |       |       |       |
|       |   y_reg_reg[13]   |    -    |  1   |        |       |       |       |
|       |   y_reg_reg[12]   |    -    |  1   |        |       |       |       |
|       |   y_reg_reg[11]   |    -    |  1   |        |       |       |       |
|       |   y_reg_reg[10]   |    -    |  1   |        |       |       |       |
|       |   y_reg_reg[9]    |    -    |  1   |        |       |       |       |
|       |   y_reg_reg[8]    |    -    |  1   |        |       |       |       |
|       |   y_reg_reg[7]    |    -    |  1   |        |       |       |       |
|       |   y_reg_reg[6]    |    -    |  1   |        |       |       |       |
|       |   y_reg_reg[5]    |    -    |  1   |        |       |       |       |
|       |   y_reg_reg[4]    |    -    |  1   |        |       |       |       |
|       |   y_reg_reg[3]    |    -    |  1   |        |       |       |       |
|       |   y_reg_reg[2]    |    -    |  1   |        |       |       |       |
|       |   y_reg_reg[1]    |    -    |  1   |        |       |       |       |
|       |   y_reg_reg[0]    |    -    |  1   |        |       |       |       |
|       |   z_reg_reg[15]   |    -    |  1   |        |       |       |       |
|       |   z_reg_reg[14]   |    -    |  1   |        |       |       |       |
|       |   z_reg_reg[13]   |    -    |  1   |        |       |       |       |
|       |   z_reg_reg[12]   |    -    |  1   |        |       |       |       |
|       |   z_reg_reg[11]   |    -    |  1   |        |       |       |       |
|       |   z_reg_reg[10]   |    -    |  1   |        |       |       |       |
|       |   z_reg_reg[9]    |    -    |  1   |        |       |       |       |
|       |   z_reg_reg[8]    |    -    |  1   |        |       |       |       |
|       |   z_reg_reg[7]    |    -    |  1   |        |       |       |       |
| cg1   |                   |         |  26  |  yes   |  yes  |  yes  |  yes  |
|       |   z_reg_reg[6]    |    -    |  1   |        |       |       |       |
|       |   z_reg_reg[5]    |    -    |  1   |        |       |       |       |
|       |   z_reg_reg[4]    |    -    |  1   |        |       |       |       |
|       |   z_reg_reg[3]    |    -    |  1   |        |       |       |       |
|       |   z_reg_reg[2]    |    -    |  1   |        |       |       |       |
|       |   z_reg_reg[1]    |    -    |  1   |        |       |       |       |
|       |   z_reg_reg[0]    |    -    |  1   |        |       |       |       |
|       |   x_reg_reg[17]   |    -    |  1   |        |       |       |       |
|       |   x_reg_reg[16]   |    -    |  1   |        |       |       |       |
|       |   x_reg_reg[15]   |    -    |  1   |        |       |       |       |
|       |   x_reg_reg[14]   |    -    |  1   |        |       |       |       |
|       |   x_reg_reg[13]   |    -    |  1   |        |       |       |       |
|       |   x_reg_reg[12]   |    -    |  1   |        |       |       |       |
|       |   x_reg_reg[11]   |    -    |  1   |        |       |       |       |
|       |   x_reg_reg[10]   |    -    |  1   |        |       |       |       |
|       |   x_reg_reg[9]    |    -    |  1   |        |       |       |       |
|       |   x_reg_reg[8]    |    -    |  1   |        |       |       |       |
|       |   x_reg_reg[7]    |    -    |  1   |        |       |       |       |
|       |   x_reg_reg[6]    |    -    |  1   |        |       |       |       |
|       |   x_reg_reg[5]    |    -    |  1   |        |       |       |       |
|       |   x_reg_reg[4]    |    -    |  1   |        |       |       |       |
|       |   x_reg_reg[3]    |    -    |  1   |        |       |       |       |
|       |   x_reg_reg[2]    |    -    |  1   |        |       |       |       |
|       |   x_reg_reg[1]    |    -    |  1   |        |       |       |       |
|       |   x_reg_reg[0]    |    -    |  1   |        |       |       |       |
|       | is_computing_reg  |    -    |  1   |        |       |       |  (1)  |
| cg2   |                   |         |  17  |  yes   |  yes  |  yes  |  yes  |
|       |   y_out_reg[16]   |    -    |  1   |        |       |       |       |
|       |   y_out_reg[15]   |    -    |  1   |        |       |       |       |
|       |   y_out_reg[14]   |    -    |  1   |        |       |       |       |
|       |   y_out_reg[13]   |    -    |  1   |        |       |       |       |
|       |   y_out_reg[12]   |    -    |  1   |        |       |       |       |
|       |   y_out_reg[11]   |    -    |  1   |        |       |       |       |
|       |   y_out_reg[10]   |    -    |  1   |        |       |       |       |
|       |   y_out_reg[9]    |    -    |  1   |        |       |       |       |
|       |   y_out_reg[8]    |    -    |  1   |        |       |       |       |
|       |   y_out_reg[7]    |    -    |  1   |        |       |       |       |
|       |   y_out_reg[6]    |    -    |  1   |        |       |       |       |
|       |   y_out_reg[5]    |    -    |  1   |        |       |       |       |
|       |   y_out_reg[4]    |    -    |  1   |        |       |       |       |
|       |   y_out_reg[3]    |    -    |  1   |        |       |       |       |
|       |   y_out_reg[2]    |    -    |  1   |        |       |       |       |
|       |   y_out_reg[1]    |    -    |  1   |        |       |       |       |
|       |   y_out_reg[0]    |    -    |  1   |        |       |       |       |
| cg3   |                   |         |  17  |  yes   |  yes  |  yes  |  yes  |
|       |   x_out_reg[16]   |    -    |  1   |        |       |       |       |
|       |   x_out_reg[15]   |    -    |  1   |        |       |       |       |
|       |   x_out_reg[14]   |    -    |  1   |        |       |       |       |
|       |   x_out_reg[13]   |    -    |  1   |        |       |       |       |
|       |   x_out_reg[12]   |    -    |  1   |        |       |       |       |
|       |   x_out_reg[11]   |    -    |  1   |        |       |       |       |
|       |   x_out_reg[10]   |    -    |  1   |        |       |       |       |
|       |   x_out_reg[9]    |    -    |  1   |        |       |       |       |
|       |   x_out_reg[8]    |    -    |  1   |        |       |       |       |
|       |   x_out_reg[7]    |    -    |  1   |        |       |       |       |
|       |   x_out_reg[6]    |    -    |  1   |        |       |       |       |
|       |   x_out_reg[5]    |    -    |  1   |        |       |       |       |
|       |   x_out_reg[4]    |    -    |  1   |        |       |       |       |
|       |   x_out_reg[3]    |    -    |  1   |        |       |       |       |
|       |   x_out_reg[2]    |    -    |  1   |        |       |       |       |
|       |   x_out_reg[1]    |    -    |  1   |        |       |       |       |
|       |   x_out_reg[0]    |    -    |  1   |        |       |       |       |
| cg4   |                   |         |  4   |  yes   |  yes  |  yes  |  yes  |
|       |  step_cnt_reg[3]  |    -    |  1   |        |       |       |       |
|       |  step_cnt_reg[2]  |    -    |  1   |        |       |       |       |
|       |  step_cnt_reg[1]  |    -    |  1   |        |       |       |       |
|       |  step_cnt_reg[0]  |    -    |  1   |        |       |       |       |
|       |                   |         |      |        |       |       |       |
|       | UNGATED REGISTERS |         |      |        |       |       |       |
|       |   valid_out_reg   |    -    |  1   |   no   |  ??   |  ??   |  no   |
===============================================================================
(1): enhanced clock gated register

Summary:
Flip-Flops                        Banks                   Bit-Width
                              number  percentage      number  percentage
Clock gated (total):             8           88         91           98
Clock not gated because
   Bank was excluded:            0            0          0            0
   Bank width too small:         0            0          0            0
   Enable condition not met:     1           11          1            1
   Setup condition violated:     0            0          0            0
Total:                           9          100         92          100


Information: Performing clock-gating on design cordic_rotation_1


Clock Gate Insertion Report
===============================================================================
| Gated |                   | Include |      | Enable | Setup | Width | Clock |
| Group |  Flip-Flop Name   | Exclude | Bits | Cond.  | Cond. | Cond. | Gated |
===============================================================================
|       |                   |         |      |        |       |       |       |
|       |  GATED REGISTERS  |         |      |        |       |       |       |
| cg0   |                   |         |  27  |  yes   |  yes  |  yes  |  yes  |
|       |   y_reg_reg[17]   |    -    |  1   |        |       |       |       |
|       |   y_reg_reg[16]   |    -    |  1   |        |       |       |       |
|       |   y_reg_reg[15]   |    -    |  1   |        |       |       |       |
|       |   y_reg_reg[14]   |    -    |  1   |        |       |       |       |
|       |   y_reg_reg[13]   |    -    |  1   |        |       |       |       |
|       |   y_reg_reg[12]   |    -    |  1   |        |       |       |       |
|       |   y_reg_reg[11]   |    -    |  1   |        |       |       |       |
|       |   y_reg_reg[10]   |    -    |  1   |        |       |       |       |
|       |   y_reg_reg[9]    |    -    |  1   |        |       |       |       |
|       |   y_reg_reg[8]    |    -    |  1   |        |       |       |       |
|       |   y_reg_reg[7]    |    -    |  1   |        |       |       |       |
|       |   y_reg_reg[6]    |    -    |  1   |        |       |       |       |
|       |   y_reg_reg[5]    |    -    |  1   |        |       |       |       |
|       |   y_reg_reg[4]    |    -    |  1   |        |       |       |       |
|       |   y_reg_reg[3]    |    -    |  1   |        |       |       |       |
|       |   y_reg_reg[2]    |    -    |  1   |        |       |       |       |
|       |   y_reg_reg[1]    |    -    |  1   |        |       |       |       |
|       |   y_reg_reg[0]    |    -    |  1   |        |       |       |       |
|       |   z_reg_reg[15]   |    -    |  1   |        |       |       |       |
|       |   z_reg_reg[14]   |    -    |  1   |        |       |       |       |
|       |   z_reg_reg[13]   |    -    |  1   |        |       |       |       |
|       |   z_reg_reg[12]   |    -    |  1   |        |       |       |       |
|       |   z_reg_reg[11]   |    -    |  1   |        |       |       |       |
|       |   z_reg_reg[10]   |    -    |  1   |        |       |       |       |
|       |   z_reg_reg[9]    |    -    |  1   |        |       |       |       |
|       |   z_reg_reg[8]    |    -    |  1   |        |       |       |       |
|       |   z_reg_reg[7]    |    -    |  1   |        |       |       |       |
| cg1   |                   |         |  26  |  yes   |  yes  |  yes  |  yes  |
|       |   z_reg_reg[6]    |    -    |  1   |        |       |       |       |
|       |   z_reg_reg[5]    |    -    |  1   |        |       |       |       |
|       |   z_reg_reg[4]    |    -    |  1   |        |       |       |       |
|       |   z_reg_reg[3]    |    -    |  1   |        |       |       |       |
|       |   z_reg_reg[2]    |    -    |  1   |        |       |       |       |
|       |   z_reg_reg[1]    |    -    |  1   |        |       |       |       |
|       |   z_reg_reg[0]    |    -    |  1   |        |       |       |       |
|       |   x_reg_reg[17]   |    -    |  1   |        |       |       |       |
|       |   x_reg_reg[16]   |    -    |  1   |        |       |       |       |
|       |   x_reg_reg[15]   |    -    |  1   |        |       |       |       |
|       |   x_reg_reg[14]   |    -    |  1   |        |       |       |       |
|       |   x_reg_reg[13]   |    -    |  1   |        |       |       |       |
|       |   x_reg_reg[12]   |    -    |  1   |        |       |       |       |
|       |   x_reg_reg[11]   |    -    |  1   |        |       |       |       |
|       |   x_reg_reg[10]   |    -    |  1   |        |       |       |       |
|       |   x_reg_reg[9]    |    -    |  1   |        |       |       |       |
|       |   x_reg_reg[8]    |    -    |  1   |        |       |       |       |
|       |   x_reg_reg[7]    |    -    |  1   |        |       |       |       |
|       |   x_reg_reg[6]    |    -    |  1   |        |       |       |       |
|       |   x_reg_reg[5]    |    -    |  1   |        |       |       |       |
|       |   x_reg_reg[4]    |    -    |  1   |        |       |       |       |
|       |   x_reg_reg[3]    |    -    |  1   |        |       |       |       |
|       |   x_reg_reg[2]    |    -    |  1   |        |       |       |       |
|       |   x_reg_reg[1]    |    -    |  1   |        |       |       |       |
|       |   x_reg_reg[0]    |    -    |  1   |        |       |       |       |
|       | is_computing_reg  |    -    |  1   |        |       |       |  (1)  |
| cg2   |                   |         |  17  |  yes   |  yes  |  yes  |  yes  |
|       |   y_out_reg[16]   |    -    |  1   |        |       |       |       |
|       |   y_out_reg[15]   |    -    |  1   |        |       |       |       |
|       |   y_out_reg[14]   |    -    |  1   |        |       |       |       |
|       |   y_out_reg[13]   |    -    |  1   |        |       |       |       |
|       |   y_out_reg[12]   |    -    |  1   |        |       |       |       |
|       |   y_out_reg[11]   |    -    |  1   |        |       |       |       |
|       |   y_out_reg[10]   |    -    |  1   |        |       |       |       |
|       |   y_out_reg[9]    |    -    |  1   |        |       |       |       |
|       |   y_out_reg[8]    |    -    |  1   |        |       |       |       |
|       |   y_out_reg[7]    |    -    |  1   |        |       |       |       |
|       |   y_out_reg[6]    |    -    |  1   |        |       |       |       |
|       |   y_out_reg[5]    |    -    |  1   |        |       |       |       |
|       |   y_out_reg[4]    |    -    |  1   |        |       |       |       |
|       |   y_out_reg[3]    |    -    |  1   |        |       |       |       |
|       |   y_out_reg[2]    |    -    |  1   |        |       |       |       |
|       |   y_out_reg[1]    |    -    |  1   |        |       |       |       |
|       |   y_out_reg[0]    |    -    |  1   |        |       |       |       |
| cg3   |                   |         |  17  |  yes   |  yes  |  yes  |  yes  |
|       |   x_out_reg[16]   |    -    |  1   |        |       |       |       |
|       |   x_out_reg[15]   |    -    |  1   |        |       |       |       |
|       |   x_out_reg[14]   |    -    |  1   |        |       |       |       |
|       |   x_out_reg[13]   |    -    |  1   |        |       |       |       |
|       |   x_out_reg[12]   |    -    |  1   |        |       |       |       |
|       |   x_out_reg[11]   |    -    |  1   |        |       |       |       |
|       |   x_out_reg[10]   |    -    |  1   |        |       |       |       |
|       |   x_out_reg[9]    |    -    |  1   |        |       |       |       |
|       |   x_out_reg[8]    |    -    |  1   |        |       |       |       |
|       |   x_out_reg[7]    |    -    |  1   |        |       |       |       |
|       |   x_out_reg[6]    |    -    |  1   |        |       |       |       |
|       |   x_out_reg[5]    |    -    |  1   |        |       |       |       |
|       |   x_out_reg[4]    |    -    |  1   |        |       |       |       |
|       |   x_out_reg[3]    |    -    |  1   |        |       |       |       |
|       |   x_out_reg[2]    |    -    |  1   |        |       |       |       |
|       |   x_out_reg[1]    |    -    |  1   |        |       |       |       |
|       |   x_out_reg[0]    |    -    |  1   |        |       |       |       |
| cg4   |                   |         |  4   |  yes   |  yes  |  yes  |  yes  |
|       |  step_cnt_reg[3]  |    -    |  1   |        |       |       |       |
|       |  step_cnt_reg[2]  |    -    |  1   |        |       |       |       |
|       |  step_cnt_reg[1]  |    -    |  1   |        |       |       |       |
|       |  step_cnt_reg[0]  |    -    |  1   |        |       |       |       |
|       |                   |         |      |        |       |       |       |
|       | UNGATED REGISTERS |         |      |        |       |       |       |
|       |   valid_out_reg   |    -    |  1   |   no   |  ??   |  ??   |  no   |
===============================================================================
(1): enhanced clock gated register

Summary:
Flip-Flops                        Banks                   Bit-Width
                              number  percentage      number  percentage
Clock gated (total):             8           88         91           98
Clock not gated because
   Bank was excluded:            0            0          0            0
   Bank width too small:         0            0          0            0
   Enable condition not met:     1           11          1            1
   Setup condition violated:     0            0          0            0
Total:                           9          100         92          100


1
# ungroup -all -flatten
# compile -area_effort high
compile -area_effort high -map_effort high
Warning: Ignoring compile_fix_multiple_port_nets = TRUE. (UIO-60)
Information: Evaluating DesignWare library utilization. (UISN-27)

============================================================================
| DesignWare Building Block Library  |         Version         | Available |
============================================================================
| Basic DW Building Blocks           | U-2022.12-DWBB_202212.0 |     *     |
| Licensed DW Building Blocks        |                         |           |
============================================================================

====================================================================================================
| Flow Information                                                                                 |
----------------------------------------------------------------------------------------------------
| Flow         | Design Compiler                                                                   |
====================================================================================================
| Design Information                                      | Value                                  |
====================================================================================================
| Number of Scenarios                                     | 0                                      |
| Leaf Cell Count                                         | 7734                                   |
| Number of User Hierarchies                              | 150                                    |
| Sequential Cell Count                                   | 2831                                   |
| Macro Count                                             | 0                                      |
| Number of Power Domains                                 | 0                                      |
| Number of Path Groups                                   | 2                                      |
| Number of VT Class                                      | 0                                      |
| Number of Clocks                                        | 1                                      |
| Number of Dont Touch Cells                              | 1485                                   |
| Number of Dont Touch Nets                               | 405                                    |
| Number of Size Only Cells                               | 129                                    |
| Design with UPF Data                                    | false                                  |
----------------------------------------------------------------------------------------------------
| Variables                                               | Value                                  |
----------------------------------------------------------------------------------------------------
| set_fix_multiple_port_nets                              | -all -buffer_constants                 |
====================================================================================================

Information: There are 62 potential problems in your design. Please run 'check_design' for more information. (LINT-99)


Warning: Operating condition WCCOM set on design CHIP has different process,
voltage and temperatures parameters than the parameters at which target library 
fsa0m_a_generic_core_tt1p8v25c is characterized. Delays may be inaccurate as a result. (OPT-998)

  Beginning Pass 1 Mapping
  ------------------------
  Processing 'SNPS_CLOCK_GATE_HIGH_CHIP_0'
  Processing 'SNPS_CLOCK_GATE_HIGH_RegFileDual_DATA_WIDTH22_0'
  Processing 'RegFileDual_DATA_WIDTH22'
  Processing 'SNPS_CLOCK_GATE_HIGH_RegFileDual_DATA_WIDTH34_0'
  Processing 'RegFileDual_DATA_WIDTH34'
  Processing 'SNPS_CLOCK_GATE_HIGH_PE_Shift_Add_0'
  Processing 'PE_Shift_Add_0'
  Processing 'SNPS_CLOCK_GATE_HIGH_PE_Shift_Add_1'
  Processing 'PE_Shift_Add_1'
  Processing 'SNPS_CLOCK_GATE_HIGH_PE_Shift_Add_2'
  Processing 'PE_Shift_Add_2'
  Processing 'SNPS_CLOCK_GATE_HIGH_PE_Shift_Add_3'
  Processing 'PE_Shift_Add_3'
  Processing 'SNPS_CLOCK_GATE_HIGH_PE_Shift_Add_4'
  Processing 'PE_Shift_Add_4'
  Processing 'SNPS_CLOCK_GATE_HIGH_PE_Shift_Add_5'
  Processing 'PE_Shift_Add_5'
  Processing 'SNPS_CLOCK_GATE_HIGH_PE_Shift_Add_6'
  Processing 'PE_Shift_Add_6'
  Processing 'SNPS_CLOCK_GATE_HIGH_PE_Shift_Add_7'
  Processing 'PE_Shift_Add_7'
  Processing 'SNPS_CLOCK_GATE_HIGH_ROM_Wrapper_Odd_0'
  Processing 'CSD_ROM_Table_odd_0'
  Processing 'ROM_Wrapper_Odd_0'
  Processing 'SNPS_CLOCK_GATE_HIGH_ROM_Wrapper_Even_0'
  Processing 'CSD_ROM_Table_even_0'
  Processing 'ROM_Wrapper_Even_0'
  Processing 'SNPS_CLOCK_GATE_HIGH_ROM_Wrapper_Odd_1'
  Processing 'ROM_Wrapper_Odd_1'
  Processing 'SNPS_CLOCK_GATE_HIGH_ROM_Wrapper_Even_1'
  Processing 'ROM_Wrapper_Even_1'
  Processing 'DFrFT_MAC'
  Processing 'SNPS_CLOCK_GATE_HIGH_cordic_rotation_0_0'
  Processing 'cordic_rotation_0'
  Processing 'SNPS_CLOCK_GATE_HIGH_cordic_rotation_1_0'
  Processing 'cordic_rotation_1'
  Processing 'CHIP'

  Updating timing information
Information: Updating design information... (UID-85)

  Beginning Implementation Selection
  ----------------------------------
  Processing 'CHIP_DW01_cmp2_0'
  Processing 'CHIP_DW01_cmp2_1'
  Processing 'CHIP_DW01_cmp2_2'
  Processing 'CHIP_DW01_cmp2_3'
  Processing 'CHIP_DW01_cmp2_4'
  Processing 'CHIP_DW01_cmp2_5'
  Processing 'CHIP_DW01_cmp2_6'
  Processing 'CHIP_DW01_cmp2_7'
  Processing 'CHIP_DW01_cmp2_8'
  Processing 'CHIP_DW01_cmp2_9'
  Processing 'CHIP_DW01_cmp2_10'
  Processing 'CHIP_DW01_cmp2_11'
  Processing 'CHIP_DW01_cmp2_12'
  Processing 'CHIP_DW01_cmp2_13'
  Processing 'CHIP_DW01_cmp2_14'
  Processing 'CHIP_DW01_cmp2_15'
  Processing 'CHIP_DW01_cmp2_16'
  Processing 'CHIP_DW01_inc_0_DW01_inc_2'
  Processing 'CHIP_DW01_inc_1_DW01_inc_3'
  Processing 'PE_Shift_Add_0_DW_rash_0'
  Processing 'PE_Shift_Add_0_DW01_sub_0'
  Processing 'PE_Shift_Add_0_DW01_sub_1'
  Processing 'PE_Shift_Add_0_DW01_sub_2'
  Processing 'PE_Shift_Add_0_DW01_ash_0'
  Processing 'PE_Shift_Add_0_DW01_ash_1'
  Processing 'PE_Shift_Add_0_DW01_ash_2'
  Processing 'PE_Shift_Add_1_DW_rash_0_DW_rash_1'
  Processing 'PE_Shift_Add_1_DW01_sub_0_DW01_sub_3'
  Processing 'PE_Shift_Add_1_DW01_sub_1_DW01_sub_4'
  Processing 'PE_Shift_Add_1_DW01_sub_2_DW01_sub_5'
  Processing 'PE_Shift_Add_1_DW01_ash_0_DW01_ash_3'
  Processing 'PE_Shift_Add_1_DW01_ash_1_DW01_ash_4'
  Processing 'PE_Shift_Add_1_DW01_ash_2_DW01_ash_5'
  Processing 'PE_Shift_Add_2_DW_rash_0_DW_rash_2'
  Processing 'PE_Shift_Add_2_DW01_sub_0_DW01_sub_6'
  Processing 'PE_Shift_Add_2_DW01_sub_1_DW01_sub_7'
  Processing 'PE_Shift_Add_2_DW01_sub_2_DW01_sub_8'
  Processing 'PE_Shift_Add_2_DW01_ash_0_DW01_ash_6'
  Processing 'PE_Shift_Add_2_DW01_ash_1_DW01_ash_7'
  Processing 'PE_Shift_Add_2_DW01_ash_2_DW01_ash_8'
  Processing 'PE_Shift_Add_3_DW_rash_0_DW_rash_3'
  Processing 'PE_Shift_Add_3_DW01_sub_0_DW01_sub_9'
  Processing 'PE_Shift_Add_3_DW01_sub_1_DW01_sub_10'
  Processing 'PE_Shift_Add_3_DW01_sub_2_DW01_sub_11'
  Processing 'PE_Shift_Add_3_DW01_ash_0_DW01_ash_9'
  Processing 'PE_Shift_Add_3_DW01_ash_1_DW01_ash_10'
  Processing 'PE_Shift_Add_3_DW01_ash_2_DW01_ash_11'
  Processing 'PE_Shift_Add_4_DW_rash_0_DW_rash_4'
  Processing 'PE_Shift_Add_4_DW01_sub_0_DW01_sub_12'
  Processing 'PE_Shift_Add_4_DW01_sub_1_DW01_sub_13'
  Processing 'PE_Shift_Add_4_DW01_sub_2_DW01_sub_14'
  Processing 'PE_Shift_Add_4_DW01_ash_0_DW01_ash_12'
  Processing 'PE_Shift_Add_4_DW01_ash_1_DW01_ash_13'
  Processing 'PE_Shift_Add_4_DW01_ash_2_DW01_ash_14'
  Processing 'PE_Shift_Add_5_DW_rash_0_DW_rash_5'
  Processing 'PE_Shift_Add_5_DW01_sub_0_DW01_sub_15'
  Processing 'PE_Shift_Add_5_DW01_sub_1_DW01_sub_16'
  Processing 'PE_Shift_Add_5_DW01_sub_2_DW01_sub_17'
  Processing 'PE_Shift_Add_5_DW01_ash_0_DW01_ash_15'
  Processing 'PE_Shift_Add_5_DW01_ash_1_DW01_ash_16'
  Processing 'PE_Shift_Add_5_DW01_ash_2_DW01_ash_17'
  Processing 'PE_Shift_Add_6_DW_rash_0_DW_rash_6'
  Processing 'PE_Shift_Add_6_DW01_sub_0_DW01_sub_18'
  Processing 'PE_Shift_Add_6_DW01_sub_1_DW01_sub_19'
  Processing 'PE_Shift_Add_6_DW01_sub_2_DW01_sub_20'
  Processing 'PE_Shift_Add_6_DW01_ash_0_DW01_ash_18'
  Processing 'PE_Shift_Add_6_DW01_ash_1_DW01_ash_19'
  Processing 'PE_Shift_Add_6_DW01_ash_2_DW01_ash_20'
  Processing 'PE_Shift_Add_7_DW_rash_0_DW_rash_7'
  Processing 'PE_Shift_Add_7_DW01_sub_0_DW01_sub_21'
  Processing 'PE_Shift_Add_7_DW01_sub_1_DW01_sub_22'
  Processing 'PE_Shift_Add_7_DW01_sub_2_DW01_sub_23'
  Processing 'PE_Shift_Add_7_DW01_ash_0_DW01_ash_21'
  Processing 'PE_Shift_Add_7_DW01_ash_1_DW01_ash_22'
  Processing 'PE_Shift_Add_7_DW01_ash_2_DW01_ash_23'
  Processing 'ROM_Wrapper_Odd_0_DW01_sub_0_DW01_sub_24'
  Processing 'ROM_Wrapper_Odd_0_DW01_cmp2_0_DW01_cmp2_17'
  Processing 'ROM_Wrapper_Even_0_DW01_sub_0_DW01_sub_25'
  Processing 'ROM_Wrapper_Even_0_DW01_cmp2_0_DW01_cmp2_18'
  Processing 'ROM_Wrapper_Odd_1_DW01_sub_0_DW01_sub_26'
  Processing 'ROM_Wrapper_Odd_1_DW01_cmp2_0_DW01_cmp2_19'
  Processing 'ROM_Wrapper_Even_1_DW01_sub_0_DW01_sub_27'
  Processing 'ROM_Wrapper_Even_1_DW01_cmp2_0_DW01_cmp2_20'
  Processing 'cordic_rotation_0_DW01_add_0'
  Processing 'cordic_rotation_0_DW01_add_1'
  Processing 'cordic_rotation_0_DW01_add_2'
  Processing 'cordic_rotation_0_DW01_sub_0_DW01_sub_28'
  Processing 'cordic_rotation_0_DW01_add_3'
  Processing 'cordic_rotation_0_DW01_sub_1_DW01_sub_29'
  Processing 'cordic_rotation_0_DW01_add_4'
  Processing 'cordic_rotation_0_DW01_sub_2_DW01_sub_30'
  Processing 'cordic_rotation_0_DW01_add_5'
  Processing 'cordic_rotation_0_DW01_sub_3_DW01_sub_31'
  Processing 'cordic_rotation_0_DW01_cmp2_0_DW01_cmp2_21'
  Processing 'cordic_rotation_0_DW01_sub_4_DW01_sub_32'
  Processing 'cordic_rotation_0_DW01_sub_5_DW01_sub_33'
  Processing 'cordic_rotation_0_DW01_cmp2_1_DW01_cmp2_22'
  Processing 'cordic_rotation_0_DW01_cmp2_2_DW01_cmp2_23'
  Processing 'cordic_rotation_1_DW01_add_0_DW01_add_6'
  Processing 'cordic_rotation_1_DW01_add_1_DW01_add_7'
  Processing 'cordic_rotation_1_DW01_add_2_DW01_add_8'
  Processing 'cordic_rotation_1_DW01_sub_0_DW01_sub_34'
  Processing 'cordic_rotation_1_DW01_add_3_DW01_add_9'
  Processing 'cordic_rotation_1_DW01_sub_1_DW01_sub_35'
  Processing 'cordic_rotation_1_DW01_add_4_DW01_add_10'
  Processing 'cordic_rotation_1_DW01_sub_2_DW01_sub_36'
  Processing 'cordic_rotation_1_DW01_add_5_DW01_add_11'
  Processing 'cordic_rotation_1_DW01_sub_3_DW01_sub_37'
  Processing 'cordic_rotation_1_DW01_cmp2_0_DW01_cmp2_24'
  Processing 'cordic_rotation_1_DW01_sub_4_DW01_sub_38'
  Processing 'cordic_rotation_1_DW01_sub_5_DW01_sub_39'
  Processing 'cordic_rotation_1_DW01_cmp2_1_DW01_cmp2_25'
  Processing 'cordic_rotation_1_DW01_cmp2_2_DW01_cmp2_26'
  Building model 'DW01_NAND2'
  Processing 'DW01_NAND2'
  Building model 'DW01_sub_width16' (rpl)
  Processing 'DW01_sub_width16'
  Building model 'DW01_sub_width16' (cla)
  Processing 'DW01_sub_width16'
  Allocating blocks in 'DW02_mult_A_width8_B_width5'
  Building model 'DW01_MUX'
  Processing 'DW01_MUX'
  Building model 'DW01_mmux_width2'
  Processing 'DW01_mmux_width2'
  Building model 'DW01_mmux_width3'
  Processing 'DW01_mmux_width3'
  Building model 'DW01_mmux_width4'
  Processing 'DW01_mmux_width4'
  Building model 'DW01_mmux_width5'
  Processing 'DW01_mmux_width5'
  Building model 'DW01_add_width11' (cla)
  Processing 'DW01_add_width11'
  Building model 'DW02_mult_A_width8_B_width5' (csa)
  Processing 'DW02_mult_A_width8_B_width5'
  Allocating blocks in 'DW02_mult_A_width5_B_width8'
  Building model 'DW02_mult_A_width5_B_width8' (csa)
  Processing 'DW02_mult_A_width5_B_width8'
  Allocating blocks in 'DW02_mult_A_width8_B_width6'
  Building model 'DW01_add_width12' (cla)
  Processing 'DW01_add_width12'
  Building model 'DW02_mult_A_width8_B_width6' (csa)
  Processing 'DW02_mult_A_width8_B_width6'
  Allocating blocks in 'DW02_mult_A_width6_B_width8'
  Building model 'DW02_mult_A_width6_B_width8' (csa)
  Processing 'DW02_mult_A_width6_B_width8'
  Building model 'DW01_add_width27' (rpl)
  Processing 'DW01_add_width27'
  Building model 'DW01_add_width27' (cla)
  Processing 'DW01_add_width27'
  Processing 'CHIP_DW01_sub_0_DW01_sub_40'
  Processing 'CHIP_DW02_mult_0'
  Processing 'CHIP_DW01_add_0_DW01_add_12'
  Processing 'CHIP_DW01_sub_1_DW01_sub_41'
  Processing 'CHIP_DW02_mult_1'
  Processing 'CHIP_DW01_add_1_DW01_add_13'
  Processing 'PE_Shift_Add_0_DW01_add_0_DW01_add_14'
  Processing 'PE_Shift_Add_0_DW01_add_1_DW01_add_15'
  Processing 'PE_Shift_Add_0_DW01_add_2_DW01_add_16'
  Processing 'PE_Shift_Add_2_DW01_add_0_DW01_add_17'
  Processing 'PE_Shift_Add_2_DW01_add_1_DW01_add_18'
  Processing 'PE_Shift_Add_2_DW01_add_2_DW01_add_19'
  Processing 'PE_Shift_Add_4_DW01_add_0_DW01_add_20'
  Processing 'PE_Shift_Add_4_DW01_add_1_DW01_add_21'
  Processing 'PE_Shift_Add_4_DW01_add_2_DW01_add_22'
  Processing 'PE_Shift_Add_6_DW01_add_0_DW01_add_23'
  Processing 'PE_Shift_Add_6_DW01_add_1_DW01_add_24'
  Processing 'PE_Shift_Add_6_DW01_add_2_DW01_add_25'
  Processing 'PE_Shift_Add_1_DW01_add_0_DW01_add_26'
  Processing 'PE_Shift_Add_1_DW01_add_1_DW01_add_27'
  Processing 'PE_Shift_Add_1_DW01_add_2_DW01_add_28'
  Processing 'PE_Shift_Add_3_DW01_add_0_DW01_add_29'
  Processing 'PE_Shift_Add_3_DW01_add_1_DW01_add_30'
  Processing 'PE_Shift_Add_3_DW01_add_2_DW01_add_31'
  Processing 'PE_Shift_Add_5_DW01_add_0_DW01_add_32'
  Processing 'PE_Shift_Add_5_DW01_add_1_DW01_add_33'
  Processing 'PE_Shift_Add_5_DW01_add_2_DW01_add_34'
  Processing 'PE_Shift_Add_7_DW01_add_0_DW01_add_35'
  Processing 'PE_Shift_Add_7_DW01_add_1_DW01_add_36'
  Processing 'PE_Shift_Add_7_DW01_add_2_DW01_add_37'

  Beginning Mapping Optimizations  (High effort)
  -------------------------------
Loading db file '/home/raid7_2/userb12/b12166/chip_v2/05_APR/Verilog/fsa0m_a_generic_core_ss1p62v125c.db'
Loading db file '/home/raid7_2/userb12/b12166/chip_v2/05_APR/Verilog/fsa0m_a_generic_core_ff1p98vm40c.db'

                                  TOTAL                                                  
   ELAPSED            WORST NEG   SETUP    DESIGN                              MIN DELAY 
    TIME      AREA      SLACK     COST    RULE COST         ENDPOINT             COST    
  --------- --------- --------- --------- --------- ------------------------- -----------
    0:01:54  590590.3      2.25      54.7    6823.9                                0.00  
    0:01:54  590590.3      2.25      54.7    6823.9                                0.00  
    0:02:30  637559.2      0.78       7.4    4380.6                                0.00  
    0:02:32  637559.2      0.78       7.4    4380.6                                0.00  
    0:02:32  637559.2      0.78       7.4    4380.6                                0.00  
    0:02:33  637543.6      0.71       7.3    4380.6                                0.00  
    0:02:33  637543.6      0.71       7.3    4380.6                                0.00  
    0:02:52  447377.6      4.00     200.1    4333.9                                0.00  
    0:03:02  448346.3      3.86     168.7    4334.5                                0.00  
    0:03:09  448049.5      3.59     166.9    4334.5                                0.00  
    0:03:11  448258.8      3.96     185.6    4334.5                                0.00  
    0:03:12  448190.1      3.58     169.5    4334.5                                0.00  
    0:03:14  448299.4      3.82     173.4    4334.5                                0.00  
    0:03:15  448136.9      4.04     207.7    4334.5                                0.00  
    0:03:16  448311.9      3.91     176.6    4334.5                                0.00  
    0:03:18  448211.9      3.60     163.8    4334.5                                0.00  
    0:03:19  448336.9      4.03     197.2    4334.5                                0.00  
    0:03:20  448408.8      3.62     154.6    4334.5                                0.00  
    0:03:21  448571.3      3.52     154.7    4334.5                                0.00  
    0:03:22  448727.5      3.41     144.7    4334.5                                0.00  
    0:03:23  449571.2      3.35     136.4    4334.5                                0.00  
    0:03:24  449808.7      3.35     134.3    4334.5                                0.00  
    0:03:25  450014.9      3.35     131.3    4334.5                                0.00  
    0:03:26  450080.6      3.35     131.1    4334.5                                0.00  
    0:03:26  450280.6      3.35     125.7    4334.5                                0.00  
    0:03:27  450618.0      3.35     124.3    4334.5                                0.00  
    0:03:27  450618.0      3.35     124.3    4334.5                                0.00  
    0:03:27  450618.0      3.35     124.3    4334.5                                0.00  
    0:03:28  450621.2      3.35     124.3    4088.8                                0.00  
    0:03:28  450621.2      3.35     124.3    4088.8                                0.00  
    0:03:28  450621.2      3.35     124.3    4088.8                                0.00  
    0:03:28  450621.2      3.35     124.3    4088.8                                0.00  
    0:03:31  451096.1      2.92     116.5    4088.8 mac/pe3_r/acc_reg_reg[25]/D      0.00  
    0:03:34  451611.7      2.62     107.9    4088.8 mac/pe2_i/acc_reg_reg[25]/D      0.00  
    0:03:36  452374.2      2.45     100.2    4088.8 mac/pe0_i/acc_reg_reg[26]/D      0.00  
    0:03:37  452780.4      2.32      91.0    4088.8 mac/pe3_r/acc_reg_reg[26]/D      0.00  
    0:03:39  453177.2      2.17      83.5    4088.8 mac/pe2_i/acc_reg_reg[26]/D      0.00  
    0:03:43  458108.2      1.25      32.2    4088.8 mac/pe0_i/acc_reg_reg[25]/D      0.00  
    0:03:46  459655.0      0.74      18.7    4088.8 mac/pe0_r/acc_reg_reg[26]/D      0.00  
    0:03:49  460548.7      0.53      13.5    4088.8 mac/pe0_r/acc_reg_reg[26]/D      0.00  
    0:03:49  460867.4      0.50      12.2    4088.8 mac/pe1_i/acc_reg_reg[26]/D      0.00  
    0:03:50  461189.2      0.45      11.1    4088.8                                0.00  
    0:03:51  461336.1      0.42       8.0    4088.8                                0.00  
    0:03:51  461586.1      0.40       7.7    4088.8                                0.00  
    0:03:52  461692.3      0.38       6.6    4088.8                                0.00  
    0:03:53  461773.6      0.34       5.3    4088.8                                0.00  
    0:03:54  461870.4      0.33       5.2    4088.8                                0.00  
    0:03:54  462254.8      0.32       5.2    4088.8                                0.00  
    0:03:54  462423.5      0.31       5.1    4088.8                                0.00  
    0:03:55  462592.3      0.30       5.0    4088.8                                0.00  
    0:03:55  462598.5      0.30       4.8    4088.8                                0.00  
    0:03:56  462667.3      0.29       4.6    4088.8                                0.00  
    0:03:56  462832.9      0.28       4.6    4088.8                                0.00  
    0:03:57  463004.7      0.28       4.4    4088.8                                0.00  
    0:03:57  463220.4      0.27       4.4    4088.8                                0.00  
    0:03:58  463526.6      0.26       4.3    4088.8                                0.00  
    0:03:58  463542.2      0.26       4.2    4088.8                                0.00  
    0:03:59  463636.0      0.25       4.1    4088.8                                0.00  
    0:03:59  463695.3      0.25       3.9    4088.8                                0.00  
    0:04:01  463704.7      0.23       3.7    4088.8                                0.00  
    0:04:01  463879.7      0.23       3.7    4088.8                                0.00  
    0:04:02  463970.3      0.23       3.2    4088.8                                0.00  
    0:04:03  464092.2      0.23       3.1    4088.8                                0.00  
    0:04:03  464279.7      0.23       3.1    4088.8                                0.00  
    0:04:03  464295.3      0.23       3.1    4088.8                                0.00  



  Beginning Delay Optimization Phase
  ----------------------------------

                                  TOTAL                                                  
   ELAPSED            WORST NEG   SETUP    DESIGN                              MIN DELAY 
    TIME      AREA      SLACK     COST    RULE COST         ENDPOINT             COST    
  --------- --------- --------- --------- --------- ------------------------- -----------
    0:04:03  464295.3      0.23       3.1    4088.8                                0.00  
    0:04:04  464739.0      0.20       2.8    4092.9 mac/pe0_r/acc_reg_reg[26]/D      0.00  
    0:04:05  465129.6      0.19       2.4    4092.9 mac/pe3_r/acc_reg_reg[26]/D      0.00  
    0:04:07  465682.7      0.18       1.9    4092.9 mac/pe0_i/acc_reg_reg[26]/D      0.00  
    0:04:08  466013.9      0.17       1.8    4092.9 mac/pe3_i/acc_reg_reg[26]/D      0.00  
    0:04:09  466332.7      0.15       1.7    4092.9 mac/pe2_r/acc_reg_reg[26]/D      0.00  
    0:04:10  466688.9      0.13       1.4    4092.9 mac/pe2_i/acc_reg_reg[26]/D      0.00  
    0:04:10  466763.9      0.12       1.3    4092.9 mac/pe0_i/acc_reg_reg[26]/D      0.00  
    0:04:11  466942.0      0.12       1.3    4092.9 mac/pe0_i/acc_reg_reg[26]/D      0.00  
    0:04:12  467223.2      0.11       0.7    4092.9 mac/pe3_r/acc_reg_reg[26]/D      0.00  
    0:04:13  467448.2      0.10       0.7    4092.9 mac/pe0_r/acc_reg_reg[26]/D      0.00  
    0:04:14  467666.9      0.09       0.6    4092.9 mac/pe0_r/acc_reg_reg[26]/D      0.00  
    0:04:14  467929.4      0.08       0.6    4092.9 mac/pe1_r/acc_reg_reg[26]/D      0.00  
    0:04:15  468013.8      0.07       0.5    4092.9 mac/pe3_r/acc_reg_reg[26]/D      0.00  
    0:04:15  468026.3      0.07       0.5    4092.9 mac/pe3_r/acc_reg_reg[26]/D      0.00  
    0:04:15  467982.6      0.06       0.5    4092.9 mac/pe3_r/acc_reg_reg[26]/D      0.00  
    0:04:16  468110.7      0.06       0.4    4092.9 mac/pe0_r/acc_reg_reg[26]/D      0.00  
    0:04:16  468201.3      0.05       0.4    4092.9 mac/pe3_i/acc_reg_reg[26]/D      0.00  
    0:04:17  468410.6      0.05       0.3    4092.9 mac/pe1_i/acc_reg_reg[26]/D      0.00  
    0:04:17  468395.0      0.04       0.3    4092.9 mac/pe3_r/acc_reg_reg[26]/D      0.00  
    0:04:17  468498.1      0.04       0.3    4092.9 mac/pe2_r/acc_reg_reg[26]/D      0.00  
    0:04:18  468554.4      0.04       0.2    4092.9 mac/pe1_i/acc_reg_reg[26]/D      0.00  
    0:04:19  468566.9      0.04       0.2    4092.9 mac/pe0_i/acc_reg_reg[26]/D      0.00  
    0:04:20  468848.1      0.03       0.2    4092.9 mac/pe1_i/acc_reg_reg[26]/D      0.00  
    0:04:20  469085.6      0.03       0.1    4092.9 mac/pe3_r/acc_reg_reg[26]/D      0.00  
    0:04:21  469135.6      0.01       0.0    4092.9 mac/pe1_r/acc_reg_reg[26]/D      0.00  
    0:04:21  469185.6      0.01       0.0    4092.9 mac/pe3_i/acc_reg_reg[26]/D      0.00  
    0:04:22  469198.1      0.00       0.0    4092.9                                0.00  
    0:04:26  469195.0      0.00       0.0    4092.9                                0.00  


  Beginning Design Rule Fixing  (max_transition)  (max_capacitance)
  ----------------------------

                                  TOTAL                                                  
   ELAPSED            WORST NEG   SETUP    DESIGN                              MIN DELAY 
    TIME      AREA      SLACK     COST    RULE COST         ENDPOINT             COST    
  --------- --------- --------- --------- --------- ------------------------- -----------
    0:04:28  469195.0      0.00       0.0    4092.9                                0.00  
    0:04:30  469182.5      0.00       0.0       0.0                                0.00  


  Beginning Area-Recovery Phase  (max_area 0)
  -----------------------------

                                  TOTAL                                                  
   ELAPSED            WORST NEG   SETUP    DESIGN                              MIN DELAY 
    TIME      AREA      SLACK     COST    RULE COST         ENDPOINT             COST    
  --------- --------- --------- --------- --------- ------------------------- -----------
    0:04:30  469182.5      0.00       0.0       0.0                                0.00  
    0:04:30  469182.5      0.00       0.0       0.0                                0.00  
    0:04:35  465888.9      0.47       1.7       0.0                                0.00  
    0:04:38  464642.1      0.35       1.0       0.0                                0.00  
    0:04:39  464210.9      0.36       1.1       0.0                                0.00  
    0:04:40  463979.7      0.36       1.2       0.0                                0.00  
    0:04:41  463776.6      0.36       1.3       0.0                                0.00  
    0:04:41  463776.6      0.36       1.3       0.0                                0.00  
    0:04:43  463860.9      0.03       0.2       0.0 mac/pe2_i/acc_reg_reg[26]/D      0.00  
    0:04:45  463948.4      0.01       0.0       0.0                                0.00  
    0:04:45  463989.1      0.00       0.0       0.0                                0.00  
    0:04:46  464001.6      0.00       0.0       0.0                                0.00  
    0:04:49  458730.0      0.88      16.7       0.0                                0.00  
    0:04:51  457652.0      0.88      16.7       0.0                                0.00  
    0:04:52  457445.7      0.88      16.7       0.0                                0.00  
    0:04:52  457442.6      0.88      16.7       0.0                                0.00  
    0:04:52  457442.6      0.88      16.7       0.0                                0.00  
    0:04:52  457442.6      0.88      16.7       0.0                                0.00  
    0:04:52  457442.6      0.88      16.7       0.0                                0.00  
    0:04:52  457442.6      0.88      16.7       0.0                                0.00  
    0:04:56  458117.6      0.15       1.5       0.0 mac/rom3/reg_shift3_reg[2]/D      0.00  
    0:04:58  458545.7      0.10       0.8       0.0 mac/pe3_i/acc_reg_reg[26]/D      0.00  
    0:05:00  458908.1      0.08       0.6       0.0 mac/pe1_i/acc_reg_reg[26]/D      0.00  
    0:05:02  459173.7      0.05       0.4       0.0 mac/pe2_i/acc_reg_reg[26]/D      0.00  
    0:05:04  459276.9      0.05       0.4       0.0 mac/pe2_i/acc_reg_reg[26]/D      0.00  
Information: Complementing port 'stage_sel' in design 'DFrFT_MAC'.
	 The new name of the port is 'stage_sel_BAR'. (OPT-319)
Information: Complementing port 'rst_n' in design 'RegFileDual_DATA_WIDTH22'.
	 The new name of the port is 'rst_n_BAR'. (OPT-319)
Information: Complementing port 'rst_n' in design 'cordic_rotation_0'.
	 The new name of the port is 'rst_n_BAR'. (OPT-319)
Information: Complementing port 'rst_n_BAR' in design 'cordic_rotation_0'.
	 The new name of the port is 'rst_n'. (OPT-319)
Information: Complementing port 'rst_n_BAR' in design 'RegFileDual_DATA_WIDTH22'.
	 The new name of the port is 'rst_n'. (OPT-319)
    0:05:08  460220.5      0.00       0.0       0.0                                0.00  
    0:05:11  459005.0      0.00       0.0       0.0                                0.00  
    0:05:13  457898.8      0.00       0.0       0.0                                0.00  
    0:05:15  457002.0      0.00       0.0       0.0                                0.00  
    0:05:16  456148.9      0.00       0.0       0.0                                0.00  
    0:05:18  455864.6      0.00       0.0       0.0                                0.00  
    0:05:19  455805.2      0.00       0.0       0.0                                0.00  
    0:05:21  455524.0      0.00       0.0       0.0                                0.00  
    0:05:23  455414.6      0.00       0.0       0.0                                0.00  
    0:05:25  455395.9      0.00       0.0       0.0                                0.00  
    0:05:27  455333.4      0.00       0.0       0.0                                0.00  
    0:05:30  452680.4      0.54       5.6       0.0                                0.00  
    0:05:31  452442.9      0.54       5.5       0.0                                0.00  
    0:05:31  452414.8      0.54       5.5       0.0                                0.00  
    0:05:31  452414.8      0.54       5.5       0.0                                0.00  
    0:05:31  452414.8      0.54       5.5       0.0                                0.00  
    0:05:31  452414.8      0.54       5.5       0.0                                0.00  
    0:05:31  452414.8      0.54       5.5       0.0                                0.00  
    0:05:31  452414.8      0.54       5.5       0.0                                0.00  
    0:05:34  453099.1      0.16       1.5       0.0 mac/pe2_i/acc_reg_reg[26]/D      0.00  
    0:05:37  453480.4      0.06       0.5       0.0 mac/pe1_r/acc_reg_reg[26]/D      0.00  
    0:05:39  453692.8      0.03       0.3       0.0 mac/pe0_i/acc_reg_reg[26]/D      0.00  
    0:05:41  453883.5      0.02       0.1       0.0                                0.00  
    0:05:42  453977.2      0.01       0.1       0.0                                0.00  
    0:05:43  454133.4      0.01       0.0       0.0                                0.00  
    0:05:43  454136.6      0.00       0.0       0.0                                0.00  
    0:05:44  454139.7      0.00       0.0       0.0                                0.00  
    0:06:58  453411.6      0.03       0.1       0.0                                0.00  
    0:07:27  452949.1      0.03       0.2       0.0                                0.00  
    0:07:46  452705.4      0.03       0.1       0.0                                0.00  
    0:07:50  452521.0      0.03       0.1       0.0                                0.00  
    0:07:53  452436.7      0.02       0.1       0.0                                0.00  
    0:07:53  452436.7      0.02       0.1       0.0                                0.00  
    0:07:53  452436.7      0.02       0.1       0.0                                0.00  
    0:07:56  451477.4      0.36       3.5       0.0                                0.00  
    0:07:56  451386.7      0.36       3.6       0.0                                0.00  
    0:07:56  451386.7      0.36       3.6       0.0                                0.00  
    0:07:56  451386.7      0.36       3.6       0.0                                0.00  
    0:07:56  451386.7      0.36       3.6       0.0                                0.00  
    0:07:56  451386.7      0.36       3.6       0.0                                0.00  
    0:07:56  451386.7      0.36       3.6       0.0                                0.00  
    0:08:00  451827.3      0.07       0.5       0.0 mac/pe3_r/acc_reg_reg[26]/D      0.00  
    0:08:01  452099.2      0.03       0.2       0.0 mac/pe3_i/acc_reg_reg[26]/D      0.00  
    0:08:04  452333.6      0.02       0.1       0.0                                0.00  
    0:08:06  452405.4      0.01       0.0       0.0                                0.00  
    0:08:08  452436.7      0.00       0.0       0.0                                0.00  
    0:08:09  451674.2      0.00       0.0       0.0                                0.00  
Loading db file '/home/raid7_2/userb12/b12166/chip_v2/05_APR/Verilog/fsa0m_a_generic_core_tt1p8v25c.db'
Loading db file '/home/raid7_2/userb12/b12166/chip_v2/05_APR/Verilog/fsa0m_a_t33_generic_io_tt1p8v25c.db'
Loading db file '/home/raid7_2/userb12/b12166/chip_v2/05_APR/Verilog/fsa0m_a_t33_generic_io_ss1p62v125c.db'
Loading db file '/home/raid7_2/userb12/b12166/chip_v2/05_APR/Verilog/fsa0m_a_t33_generic_io_ff1p98vm40c.db'


Note: Symbol # after min delay cost means estimated hold TNS across all active scenarios 


  Optimization Complete
  ---------------------
1
compile -inc -area_effort high -map_effort high
Warning: Ignoring compile_fix_multiple_port_nets = TRUE. (UIO-60)
====================================================================================================
| Flow Information                                                                                 |
----------------------------------------------------------------------------------------------------
| Flow         | Design Compiler                                                                   |
====================================================================================================
| Design Information                                      | Value                                  |
====================================================================================================
| Number of Scenarios                                     | 0                                      |
| Leaf Cell Count                                         | 18894                                  |
| Number of User Hierarchies                              | 213                                    |
| Sequential Cell Count                                   | 2831                                   |
| Macro Count                                             | 0                                      |
| Number of Power Domains                                 | 0                                      |
| Number of Path Groups                                   | 2                                      |
| Number of VT Class                                      | 0                                      |
| Number of Clocks                                        | 1                                      |
| Number of Dont Touch Cells                              | 129                                    |
| Number of Dont Touch Nets                               | 405                                    |
| Number of Size Only Cells                               | 129                                    |
| Design with UPF Data                                    | false                                  |
----------------------------------------------------------------------------------------------------
| Variables                                               | Value                                  |
----------------------------------------------------------------------------------------------------
| set_fix_multiple_port_nets                              | -all -buffer_constants                 |
====================================================================================================

Information: There are 866 potential problems in your design. Please run 'check_design' for more information. (LINT-99)


Warning: Operating condition WCCOM set on design CHIP has different process,
voltage and temperatures parameters than the parameters at which target library 
fsa0m_a_generic_core_tt1p8v25c is characterized. Delays may be inaccurate as a result. (OPT-998)

  Beginning Pass 1 Mapping  (Incremental)
  ------------------------

  Updating timing information
Information: Updating design information... (UID-85)

  Beginning Mapping Optimizations  (High effort)  (Incremental)
  -------------------------------

  Beginning Incremental Implementation Selection
  ----------------------------------------------
  Selecting implementations
  Building model 'DW01_NAND2'
  Building model 'DW01_inc_width9' (rpl)
  Selecting implementations
  Building model 'DW01_sub_width18' (rpl)
  Building model 'DW01_add_width18' (rpl)
  Building model 'DW01_sub_width16' (rpl)
  Building model 'DW01_add_width16' (rpl)
  Selecting implementations
  Selecting implementations
  Building model 'DW01_add_width27' (rpl)
  Building model 'DW01_sub_width27' (rpl)
  Selecting implementations
  Selecting implementations
  Selecting implementations
  Selecting implementations
  Selecting implementations
  Selecting implementations
  Selecting implementations

                                  TOTAL                                                  
   ELAPSED            WORST NEG   SETUP    DESIGN                              MIN DELAY 
    TIME      AREA      SLACK     COST    RULE COST         ENDPOINT             COST    
  --------- --------- --------- --------- --------- ------------------------- -----------
    0:00:23  451674.2      0.00       0.0       0.0                                0.00  
    0:00:23  451674.2      0.00       0.0       0.0                                0.00  
    0:00:23  451674.2      0.00       0.0       0.0                                0.00  
    0:00:24  451674.2      0.00       0.0       0.0                                0.00  
    0:00:24  451674.2      0.00       0.0       0.0                                0.00  
    0:00:26  450580.5      0.23       1.0       0.0                                0.00  
    0:00:26  450439.9      0.23       1.1       0.0                                0.00  
    0:00:26  450427.4      0.23       1.2       0.0                                0.00  
    0:00:26  450427.4      0.23       1.2       0.0                                0.00  
    0:00:26  450427.4      0.23       1.2       0.0                                0.00  
    0:00:27  450427.4      0.23       1.2       0.0                                0.00  
    0:00:27  450427.4      0.23       1.2       0.0                                0.00  
    0:00:27  450427.4      0.23       1.2       0.0                                0.00  
    0:00:27  450427.4      0.23       1.2       0.0                                0.00  
    0:00:27  450427.4      0.23       1.2       0.0                                0.00  
    0:00:29  450877.4      0.05       0.3       0.0 mac/pe0_i/acc_reg_reg[26]/D      0.00  
    0:00:31  451114.9      0.02       0.1       0.0 mac/pe2_r/acc_reg_reg[26]/D      0.00  
    0:00:32  451289.9      0.01       0.0       0.0                                0.00  
    0:00:32  451358.6      0.00       0.0       0.0                                0.00  
    0:00:32  451364.9      0.00       0.0       0.0                                0.00  



  Beginning Delay Optimization Phase
  ----------------------------------

                                  TOTAL                                                  
   ELAPSED            WORST NEG   SETUP    DESIGN                              MIN DELAY 
    TIME      AREA      SLACK     COST    RULE COST         ENDPOINT             COST    
  --------- --------- --------- --------- --------- ------------------------- -----------
    0:00:32  451364.9      0.00       0.0       0.0                                0.00  
    0:00:32  451364.9      0.00       0.0       0.0                                0.00  
    0:00:36  451361.7      0.00       0.0       0.0                                0.00  


  Beginning Area-Recovery Phase  (max_area 0)
  -----------------------------

                                  TOTAL                                                  
   ELAPSED            WORST NEG   SETUP    DESIGN                              MIN DELAY 
    TIME      AREA      SLACK     COST    RULE COST         ENDPOINT             COST    
  --------- --------- --------- --------- --------- ------------------------- -----------
    0:00:39  451361.7      0.00       0.0       0.0                                0.00  
    0:00:40  451361.7      0.00       0.0       0.0                                0.00  
    0:00:43  451236.7      0.05       0.1       0.0                                0.00  
    0:00:43  451208.6      0.05       0.1       0.0                                0.00  
    0:00:43  451208.6      0.05       0.1       0.0                                0.00  
    0:00:43  451208.6      0.05       0.1       0.0                                0.00  
    0:00:46  451408.6      0.00       0.0       0.0 mac/pe0_i/acc_reg_reg[26]/D      0.00  
    0:00:47  451527.4      0.00       0.0       0.0                                0.00  
    0:00:48  451439.9      0.00       0.0       0.0                                0.00  
    0:00:49  451421.1      0.00       0.0       0.0                                0.00  
    0:00:49  451377.4      0.00       0.0       0.0                                0.00  
    0:00:50  451355.5      0.00       0.0       0.0                                0.00  
    0:00:51  451224.2      0.00       0.0       0.0                                0.00  
    0:00:57  451211.7      0.00       0.0       0.0                                0.00  
    0:01:01  451211.7      0.00       0.0       0.0                                0.00  
    0:02:44  450824.3      0.01       0.0       0.0                                0.00  
    0:03:03  450649.3      0.01       0.0       0.0                                0.00  
    0:03:06  450546.2      0.03       0.0       0.0                                0.00  
    0:03:07  450514.9      0.03       0.0       0.0                                0.00  
    0:03:08  450505.5      0.03       0.0       0.0                                0.00  
    0:03:08  450505.5      0.03       0.0       0.0                                0.00  
    0:03:08  450505.5      0.03       0.0       0.0                                0.00  
    0:03:10  449821.2      0.27       1.1       0.0                                0.00  
    0:03:11  449752.5      0.27       1.1       0.0                                0.00  
    0:03:11  449752.5      0.27       1.1       0.0                                0.00  
    0:03:11  449752.5      0.27       1.1       0.0                                0.00  
    0:03:11  449752.5      0.27       1.1       0.0                                0.00  
    0:03:11  449752.5      0.27       1.1       0.0                                0.00  
    0:03:11  449752.5      0.27       1.1       0.0                                0.00  
    0:03:13  450171.2      0.02       0.2       0.0 mac/pe0_i/acc_reg_reg[26]/D      0.00  
    0:03:15  450280.6      0.01       0.1       0.0                                0.00  
    0:03:15  450411.8      0.01       0.0       0.0                                0.00  
    0:03:16  450533.7      0.00       0.0       0.0                                0.00  
Loading db file '/home/raid7_2/userb12/b12166/chip_v2/05_APR/Verilog/fsa0m_a_generic_core_ss1p62v125c.db'
Loading db file '/home/raid7_2/userb12/b12166/chip_v2/05_APR/Verilog/fsa0m_a_generic_core_ff1p98vm40c.db'
Loading db file '/home/raid7_2/userb12/b12166/chip_v2/05_APR/Verilog/fsa0m_a_generic_core_tt1p8v25c.db'
Loading db file '/home/raid7_2/userb12/b12166/chip_v2/05_APR/Verilog/fsa0m_a_t33_generic_io_tt1p8v25c.db'
Loading db file '/home/raid7_2/userb12/b12166/chip_v2/05_APR/Verilog/fsa0m_a_t33_generic_io_ss1p62v125c.db'
Loading db file '/home/raid7_2/userb12/b12166/chip_v2/05_APR/Verilog/fsa0m_a_t33_generic_io_ff1p98vm40c.db'


Note: Symbol # after min delay cost means estimated hold TNS across all active scenarios 


  Optimization Complete
  ---------------------
1
# Buffer high-fanout nets (e.g. clock-gating enables) to meet max_fanout
compile -inc -only_design_rule
Warning: Ignoring compile_fix_multiple_port_nets = TRUE. (UIO-60)
====================================================================================================
| Flow Information                                                                                 |
----------------------------------------------------------------------------------------------------
| Flow         | Design Compiler                                                                   |
====================================================================================================
| Design Information                                      | Value                                  |
====================================================================================================
| Number of Scenarios                                     | 0                                      |
| Leaf Cell Count                                         | 18838                                  |
| Number of User Hierarchies                              | 213                                    |
| Sequential Cell Count                                   | 2831                                   |
| Macro Count                                             | 0                                      |
| Number of Power Domains                                 | 0                                      |
| Number of Path Groups                                   | 2                                      |
| Number of VT Class                                      | 0                                      |
| Number of Clocks                                        | 1                                      |
| Number of Dont Touch Cells                              | 129                                    |
| Number of Dont Touch Nets                               | 405                                    |
| Number of Size Only Cells                               | 129                                    |
| Design with UPF Data                                    | false                                  |
----------------------------------------------------------------------------------------------------
| Variables                                               | Value                                  |
----------------------------------------------------------------------------------------------------
| set_fix_multiple_port_nets                              | -all -buffer_constants                 |
====================================================================================================

Information: There are 866 potential problems in your design. Please run 'check_design' for more information. (LINT-99)


Warning: Operating condition WCCOM set on design CHIP has different process,
voltage and temperatures parameters than the parameters at which target library 
fsa0m_a_generic_core_tt1p8v25c is characterized. Delays may be inaccurate as a result. (OPT-998)

  Beginning Pass 1 Mapping  (Incremental)
  ------------------------

  Updating timing information
Information: Updating design information... (UID-85)
Loading db file '/home/raid7_2/userb12/b12166/chip_v2/05_APR/Verilog/fsa0m_a_generic_core_tt1p8v25c.db'
Loading db file '/home/raid7_2/userb12/b12166/chip_v2/05_APR/Verilog/fsa0m_a_generic_core_ss1p62v125c.db'
Loading db file '/home/raid7_2/userb12/b12166/chip_v2/05_APR/Verilog/fsa0m_a_generic_core_ff1p98vm40c.db'
Loading db file '/home/raid7_2/userb12/b12166/chip_v2/05_APR/Verilog/fsa0m_a_t33_generic_io_tt1p8v25c.db'
Loading db file '/home/raid7_2/userb12/b12166/chip_v2/05_APR/Verilog/fsa0m_a_t33_generic_io_ss1p62v125c.db'
Loading db file '/home/raid7_2/userb12/b12166/chip_v2/05_APR/Verilog/fsa0m_a_t33_generic_io_ff1p98vm40c.db'


Note: Symbol # after min delay cost means estimated hold TNS across all active scenarios 


  Optimization Complete
  ---------------------
1
#####################################################
report_area         -hierarchy              > ./Report/${DESIGN}_syn.area
report_timing       -delay min  -max_path 5 > ./Report/${DESIGN}_syn.timing_min
report_timing       -delay max  -max_path 5 > ./Report/${DESIGN}_syn.timing_max
report_power        -hierarchy              > ./Report/${DESIGN}_syn.power
write   -f ddc      -hierarchy  -output ./Netlist/${DESIGN}_syn.ddc
Writing ddc file './Netlist/CHIP_syn.ddc'.
1
write   -f verilog  -hierarchy  -output ./Netlist/${DESIGN}_syn.v
Writing verilog file '/home/raid7_2/userb12/b12166/chip_v2/02_SYN/Netlist/CHIP_syn.v'.
Warning: Verilog 'assign' or 'tran' statements are written out. (VO-4)
Warning: Verilog writer has added 12 nets to module CHIP using SYNOPSYS_UNCONNECTED_ as prefix.  Please use the change_names command to make the correct changes before invoking the verilog writer.  (VO-11)
1
write_sdf   -version 2.1                ./Netlist/${DESIGN}_syn.sdf
Information: Annotated 'cell' delays are assumed to include load delay. (UID-282)
Information: Writing timing information to file '/home/raid7_2/userb12/b12166/chip_v2/02_SYN/Netlist/CHIP_syn.sdf'. (WT-3)
Information: Updating design information... (UID-85)
1
write_sdc   -version 1.8                ./Netlist/${DESIGN}_syn.sdc1
1
dc_shell> exit

Memory usage for this session 434 Mbytes.
Memory usage for this session including child processes 434 Mbytes.
CPU usage for this session 744 seconds ( 0.21 hours ).
Elapsed time for this session 826 seconds ( 0.23 hours ).

Thank you...
